Test_Id,Distribution,output_file_path,Agent_1_Max,Agent_1_Max_Unclipped,Agent_1_Sum,Agent_1_Sum_Unclipped,Agent_2_Max,Agent_2_Max_Unclipped,Agent_2_Sum,Agent_2_Sum_Unclipped,Max_Envies,Max_Envies_Unclipped,Sum_Envies,Sum_Envies_Unclipped,Envy_Freeness,Number_of_Possible_Allocations,Number_of_Envy_Free_Allocations,Max_Nash_Welfare,Max_Utilitarian_Welfare,Max_Egalitarian_Welfare,LLM_Nash_Welfare,LLM_Utilitarian_Welfare,LLM_Egalitarian_Welfare
1,uniform,outputs/agents_2/items_7/gpt4o/persona_based0/output_1.txt,0.0,-96.0,0.0,-96.0,0.0,-40.0,0.0,-40.0,0.0,-40.0,0.0,-136.0,True,128.0,14.0,51948.0,464.0,222.0,45250.0,431.0,181.0
2,uniform,outputs/agents_2/items_7/gpt4o/persona_based0/output_2.txt,0.0,-160.0,0.0,-160.0,2.0,2.0,2.0,2.0,2.0,2.0,2.0,-158.0,False,128.0,10.0,48828.0,496.0,206.0,47952.0,472.0,148.0
3,uniform,outputs/agents_2/items_7/gpt4o/persona_based0/output_3.txt,0.0,-94.0,0.0,-94.0,0.0,-171.0,0.0,-171.0,0.0,-94.0,0.0,-265.0,True,128.0,20.0,47294.0,435.0,214.0,47294.0,435.0,214.0
4,uniform,outputs/agents_2/items_7/gpt4o/persona_based0/output_4.txt,89.0,89.0,89.0,89.0,0.0,-329.0,0.0,-329.0,89.0,89.0,89.0,-240.0,False,128.0,14.0,34545.0,418.0,163.0,24637.0,418.0,71.0
5,uniform,outputs/agents_2/items_7/gpt4o/persona_based0/output_5.txt,0.0,-78.0,0.0,-78.0,0.0,-146.0,0.0,-146.0,0.0,-78.0,0.0,-224.0,True,128.0,18.0,34216.0,370.0,182.0,34216.0,370.0,182.0
6,uniform,outputs/agents_2/items_7/gpt4o/persona_based0/output_6.txt,0.0,-159.0,0.0,-159.0,0.0,-33.0,0.0,-33.0,0.0,-33.0,0.0,-192.0,True,128.0,19.0,61411.0,505.0,232.0,52136.0,462.0,196.0
7,uniform,outputs/agents_2/items_7/gpt4o/persona_based0/output_7.txt,0.0,-251.0,0.0,-251.0,11.0,11.0,11.0,11.0,11.0,11.0,11.0,-240.0,False,128.0,12.0,77924.0,567.0,270.0,77822.0,567.0,233.0
8,uniform,outputs/agents_2/items_7/gpt4o/persona_based0/output_8.txt,0.0,-18.0,0.0,-18.0,0.0,-202.0,0.0,-202.0,0.0,-18.0,0.0,-220.0,True,128.0,14.0,50808.0,532.0,200.0,46848.0,494.0,128.0
9,uniform,outputs/agents_2/items_7/gpt4o/persona_based0/output_9.txt,0.0,-109.0,0.0,-109.0,0.0,-158.0,0.0,-158.0,0.0,-109.0,0.0,-267.0,True,128.0,16.0,58232.0,483.0,232.0,58232.0,483.0,232.0
10,uniform,outputs/agents_2/items_7/gpt4o/persona_based0/output_10.txt,24.0,24.0,24.0,24.0,0.0,-22.0,0.0,-22.0,24.0,24.0,24.0,2.0,False,128.0,17.0,38734.0,403.0,193.0,21714.0,295.0,141.0
11,uniform,outputs/agents_2/items_7/gpt4o/persona_based0/output_11.txt,87.0,87.0,87.0,87.0,0.0,-179.0,0.0,-179.0,87.0,87.0,87.0,-92.0,False,128.0,9.0,51480.0,478.0,205.0,33252.0,428.0,102.0
12,uniform,outputs/agents_2/items_7/gpt4o/persona_based0/output_12.txt,169.0,169.0,169.0,169.0,0.0,-295.0,0.0,-295.0,169.0,169.0,169.0,-126.0,False,128.0,10.0,56068.0,494.0,223.0,32256.0,468.0,84.0
13,uniform,outputs/agents_2/items_7/gpt4o/persona_based0/output_13.txt,185.0,185.0,185.0,185.0,0.0,-198.0,0.0,-198.0,185.0,185.0,185.0,-13.0,False,128.0,8.0,56576.0,479.0,221.0,23532.0,392.0,74.0
14,uniform,outputs/agents_2/items_7/gpt4o/persona_based0/output_14.txt,9.0,9.0,9.0,9.0,0.0,-89.0,0.0,-89.0,9.0,9.0,9.0,-80.0,False,128.0,10.0,65700.0,540.0,239.0,50750.0,465.0,175.0
15,uniform,outputs/agents_2/items_7/gpt4o/persona_based0/output_15.txt,0.0,-85.0,0.0,-85.0,0.0,-34.0,0.0,-34.0,0.0,-34.0,0.0,-119.0,True,128.0,9.0,26554.0,329.0,148.0,26554.0,329.0,142.0
16,uniform,outputs/agents_2/items_7/gpt4o/persona_based0/output_16.txt,0.0,-337.0,0.0,-337.0,155.0,155.0,155.0,155.0,155.0,155.0,155.0,-182.0,False,128.0,10.0,85560.0,592.0,279.0,75072.0,592.0,184.0
17,uniform,outputs/agents_2/items_7/gpt4o/persona_based0/output_17.txt,0.0,-75.0,0.0,-75.0,0.0,-46.0,0.0,-46.0,0.0,-46.0,0.0,-121.0,True,128.0,9.0,44576.0,425.0,200.0,44576.0,423.0,199.0
18,uniform,outputs/agents_2/items_7/gpt4o/persona_based0/output_18.txt,0.0,-33.0,0.0,-33.0,0.0,-116.0,0.0,-116.0,0.0,-33.0,0.0,-149.0,True,128.0,12.0,53058.0,461.0,222.0,43152.0,418.0,186.0
19,uniform,outputs/agents_2/items_7/gpt4o/persona_based0/output_19.txt,0.0,-144.0,0.0,-144.0,42.0,42.0,42.0,42.0,42.0,42.0,42.0,-102.0,False,128.0,8.0,25403.0,382.0,150.0,21566.0,345.0,82.0
20,uniform,outputs/agents_2/items_7/gpt4o/persona_based0/output_20.txt,0.0,-133.0,0.0,-133.0,0.0,-79.0,0.0,-79.0,0.0,-79.0,0.0,-212.0,True,128.0,14.0,68834.0,525.0,254.0,68834.0,525.0,254.0
21,uniform,outputs/agents_2/items_7/gpt4o/persona_based0/output_21.txt,0.0,-80.0,0.0,-80.0,0.0,-146.0,0.0,-146.0,0.0,-80.0,0.0,-226.0,True,128.0,16.0,55920.0,473.0,233.0,55920.0,473.0,233.0
22,uniform,outputs/agents_2/items_7/gpt4o/persona_based0/output_22.txt,0.0,-47.0,0.0,-47.0,0.0,-37.0,0.0,-37.0,0.0,-37.0,0.0,-84.0,True,128.0,12.0,45632.0,440.0,196.0,38233.0,394.0,173.0
23,uniform,outputs/agents_2/items_7/gpt4o/persona_based0/output_23.txt,0.0,-11.0,0.0,-11.0,0.0,-114.0,0.0,-114.0,0.0,-11.0,0.0,-125.0,True,128.0,13.0,38520.0,394.0,185.0,34974.0,375.0,174.0
24,uniform,outputs/agents_2/items_7/gpt4o/persona_based0/output_24.txt,0.0,-244.0,0.0,-244.0,50.0,50.0,50.0,50.0,50.0,50.0,50.0,-194.0,False,128.0,9.0,40587.0,460.0,191.0,36842.0,447.0,109.0
25,uniform,outputs/agents_2/items_7/gpt4o/persona_based0/output_25.txt,0.0,-99.0,0.0,-99.0,0.0,-21.0,0.0,-21.0,0.0,-21.0,0.0,-120.0,True,128.0,17.0,61500.0,499.0,246.0,50372.0,453.0,196.0
26,uniform,outputs/agents_2/items_7/gpt4o/persona_based0/output_26.txt,2.0,2.0,2.0,2.0,0.0,-121.0,0.0,-121.0,2.0,2.0,2.0,-119.0,False,128.0,15.0,28470.0,390.0,142.0,18278.0,321.0,74.0
27,uniform,outputs/agents_2/items_7/gpt4o/persona_based0/output_27.txt,0.0,-28.0,0.0,-28.0,0.0,-60.0,0.0,-60.0,0.0,-28.0,0.0,-88.0,True,128.0,9.0,52536.0,463.0,220.0,44421.0,422.0,201.0
28,uniform,outputs/agents_2/items_7/gpt4o/persona_based0/output_28.txt,0.0,-91.0,0.0,-91.0,3.0,3.0,3.0,3.0,3.0,3.0,3.0,-88.0,False,128.0,9.0,38522.0,411.0,187.0,31088.0,366.0,134.0
29,uniform,outputs/agents_2/items_7/gpt4o/persona_based0/output_29.txt,0.0,-144.0,0.0,-144.0,0.0,-112.0,0.0,-112.0,0.0,-112.0,0.0,-256.0,True,128.0,19.0,39597.0,398.0,197.0,39597.0,398.0,197.0
30,uniform,outputs/agents_2/items_7/gpt4o/persona_based0/output_30.txt,0.0,-160.0,0.0,-160.0,36.0,36.0,36.0,36.0,36.0,36.0,36.0,-124.0,False,128.0,7.0,45156.0,477.0,199.0,40479.0,440.0,131.0
31,uniform,outputs/agents_2/items_7/gpt4o/persona_based0/output_31.txt,0.0,-223.0,0.0,-223.0,0.0,-143.0,0.0,-143.0,0.0,-143.0,0.0,-366.0,True,128.0,18.0,85504.0,590.0,270.0,85504.0,590.0,256.0
32,uniform,outputs/agents_2/items_7/gpt4o/persona_based0/output_32.txt,0.0,-133.0,0.0,-133.0,0.0,-153.0,0.0,-153.0,0.0,-133.0,0.0,-286.0,True,128.0,19.0,54225.0,466.0,225.0,54225.0,466.0,225.0
33,uniform,outputs/agents_2/items_7/gpt4o/persona_based0/output_33.txt,0.0,-16.0,0.0,-16.0,0.0,-248.0,0.0,-248.0,0.0,-16.0,0.0,-264.0,True,128.0,13.0,55640.0,481.0,216.0,53934.0,481.0,178.0
34,uniform,outputs/agents_2/items_7/gpt4o/persona_based0/output_34.txt,0.0,-121.0,0.0,-121.0,0.0,-106.0,0.0,-106.0,0.0,-106.0,0.0,-227.0,True,128.0,8.0,87600.0,623.0,273.0,87600.0,605.0,240.0
35,uniform,outputs/agents_2/items_7/gpt4o/persona_based0/output_35.txt,0.0,-6.0,0.0,-6.0,0.0,-74.0,0.0,-74.0,0.0,-6.0,0.0,-80.0,True,128.0,9.0,48300.0,445.0,211.0,39195.0,396.0,195.0
36,uniform,outputs/agents_2/items_7/gpt4o/persona_based0/output_36.txt,0.0,-304.0,0.0,-304.0,9.0,9.0,9.0,9.0,9.0,9.0,9.0,-295.0,False,128.0,14.0,57043.0,511.0,206.0,50518.0,511.0,134.0
37,uniform,outputs/agents_2/items_7/gpt4o/persona_based0/output_37.txt,4.0,4.0,4.0,4.0,0.0,-119.0,0.0,-119.0,4.0,4.0,4.0,-115.0,False,128.0,11.0,45216.0,484.0,189.0,41283.0,436.0,139.0
38,uniform,outputs/agents_2/items_7/gpt4o/persona_based0/output_38.txt,0.0,-174.0,0.0,-174.0,0.0,-129.0,0.0,-129.0,0.0,-129.0,0.0,-303.0,True,128.0,21.0,45715.0,428.0,205.0,43739.0,420.0,191.0
39,uniform,outputs/agents_2/items_7/gpt4o/persona_based0/output_39.txt,0.0,-40.0,0.0,-40.0,0.0,-128.0,0.0,-128.0,0.0,-40.0,0.0,-168.0,True,128.0,22.0,34444.0,422.0,164.0,29274.0,365.0,119.0
40,uniform,outputs/agents_2/items_7/gpt4o/persona_based0/output_40.txt,0.0,-136.0,0.0,-136.0,0.0,-22.0,0.0,-22.0,0.0,-22.0,0.0,-158.0,True,128.0,9.0,88314.0,605.0,283.0,76153.0,554.0,253.0
41,uniform,outputs/agents_2/items_7/gpt4o/persona_based0/output_41.txt,0.0,-23.0,0.0,-23.0,0.0,-90.0,0.0,-90.0,0.0,-23.0,0.0,-113.0,True,128.0,14.0,37674.0,395.0,185.0,37674.0,395.0,161.0
42,uniform,outputs/agents_2/items_7/gpt4o/persona_based0/output_42.txt,0.0,-7.0,0.0,-7.0,0.0,-97.0,0.0,-97.0,0.0,-7.0,0.0,-104.0,True,128.0,19.0,64452.0,508.0,246.0,44521.0,422.0,211.0
43,uniform,outputs/agents_2/items_7/gpt4o/persona_based0/output_43.txt,0.0,-182.0,0.0,-182.0,0.0,-6.0,0.0,-6.0,0.0,-6.0,0.0,-188.0,True,128.0,18.0,32335.0,368.0,176.0,32335.0,368.0,145.0
44,uniform,outputs/agents_2/items_7/gpt4o/persona_based0/output_44.txt,46.0,46.0,46.0,46.0,0.0,-59.0,0.0,-59.0,46.0,46.0,46.0,-13.0,False,128.0,5.0,29232.0,422.0,149.0,25944.0,326.0,138.0
45,uniform,outputs/agents_2/items_7/gpt4o/persona_based0/output_45.txt,0.0,-159.0,0.0,-159.0,0.0,-119.0,0.0,-119.0,0.0,-119.0,0.0,-278.0,True,128.0,19.0,59311.0,488.0,229.0,59311.0,488.0,229.0
46,uniform,outputs/agents_2/items_7/gpt4o/persona_based0/output_46.txt,0.0,-114.0,0.0,-114.0,2.0,2.0,2.0,2.0,2.0,2.0,2.0,-112.0,False,128.0,9.0,58011.0,521.0,226.0,55596.0,472.0,226.0
47,uniform,outputs/agents_2/items_7/gpt4o/persona_based0/output_47.txt,0.0,-82.0,0.0,-82.0,0.0,-91.0,0.0,-91.0,0.0,-82.0,0.0,-173.0,True,128.0,10.0,56840.0,477.0,232.0,53724.0,464.0,222.0
48,uniform,outputs/agents_2/items_7/gpt4o/persona_based0/output_48.txt,0.0,-95.0,0.0,-95.0,0.0,-113.0,0.0,-113.0,0.0,-95.0,0.0,-208.0,True,128.0,15.0,37286.0,387.0,181.0,37286.0,387.0,181.0
49,uniform,outputs/agents_2/items_7/gpt4o/persona_based0/output_49.txt,0.0,-14.0,0.0,-14.0,0.0,-13.0,0.0,-13.0,0.0,-13.0,0.0,-27.0,True,128.0,7.0,37026.0,385.0,187.0,28372.0,337.0,164.0
50,uniform,outputs/agents_2/items_7/gpt4o/persona_based0/output_50.txt,0.0,-167.0,0.0,-167.0,0.0,-34.0,0.0,-34.0,0.0,-34.0,0.0,-201.0,True,128.0,12.0,66584.0,519.0,246.0,66584.0,519.0,232.0
51,uniform,outputs/agents_2/items_7/gpt4o/persona_based0/output_51.txt,0.0,-279.0,0.0,-279.0,0.0,-171.0,0.0,-171.0,0.0,-171.0,0.0,-450.0,True,128.0,21.0,94582.0,623.0,278.0,94582.0,623.0,262.0
52,uniform,outputs/agents_2/items_7/gpt4o/persona_based0/output_52.txt,0.0,-51.0,0.0,-51.0,0.0,-264.0,0.0,-264.0,0.0,-51.0,0.0,-315.0,True,128.0,16.0,67320.0,535.0,255.0,64416.0,535.0,183.0
53,uniform,outputs/agents_2/items_7/gpt4o/persona_based0/output_53.txt,72.0,72.0,72.0,72.0,0.0,-138.0,0.0,-138.0,72.0,72.0,72.0,-66.0,False,128.0,13.0,51600.0,460.0,221.0,41230.0,407.0,190.0
54,uniform,outputs/agents_2/items_7/gpt4o/persona_based0/output_54.txt,0.0,-12.0,0.0,-12.0,0.0,-108.0,0.0,-108.0,0.0,-12.0,0.0,-120.0,True,128.0,15.0,35700.0,382.0,170.0,27776.0,345.0,128.0
55,uniform,outputs/agents_2/items_7/gpt4o/persona_based0/output_55.txt,0.0,-220.0,0.0,-220.0,87.0,87.0,87.0,87.0,87.0,87.0,87.0,-133.0,False,128.0,7.0,54315.0,486.0,219.0,44118.0,471.0,129.0
56,uniform,outputs/agents_2/items_7/gpt4o/persona_based0/output_56.txt,29.0,29.0,29.0,29.0,0.0,-31.0,0.0,-31.0,29.0,29.0,29.0,-2.0,False,128.0,14.0,66096.0,515.0,243.0,38925.0,398.0,173.0
57,uniform,outputs/agents_2/items_7/gpt4o/persona_based0/output_57.txt,0.0,-13.0,0.0,-13.0,0.0,-69.0,0.0,-69.0,0.0,-13.0,0.0,-82.0,True,128.0,9.0,63210.0,503.0,245.0,51106.0,455.0,202.0
58,uniform,outputs/agents_2/items_7/gpt4o/persona_based0/output_58.txt,0.0,-178.0,0.0,-178.0,0.0,-61.0,0.0,-61.0,0.0,-61.0,0.0,-239.0,True,128.0,15.0,48132.0,445.0,215.0,47730.0,437.0,215.0
59,uniform,outputs/agents_2/items_7/gpt4o/persona_based0/output_59.txt,0.0,-97.0,0.0,-97.0,0.0,-43.0,0.0,-43.0,0.0,-43.0,0.0,-140.0,True,128.0,19.0,57120.0,479.0,224.0,41580.0,409.0,189.0
60,uniform,outputs/agents_2/items_7/gpt4o/persona_based0/output_60.txt,0.0,-47.0,0.0,-47.0,0.0,-83.0,0.0,-83.0,0.0,-47.0,0.0,-130.0,True,128.0,8.0,82688.0,576.0,272.0,82688.0,576.0,272.0
61,uniform,outputs/agents_2/items_7/gpt4o/persona_based0/output_61.txt,0.0,-119.0,0.0,-119.0,0.0,-133.0,0.0,-133.0,0.0,-119.0,0.0,-252.0,True,128.0,13.0,61332.0,499.0,230.0,61332.0,497.0,228.0
62,uniform,outputs/agents_2/items_7/gpt4o/persona_based0/output_62.txt,51.0,51.0,51.0,51.0,0.0,-214.0,0.0,-214.0,51.0,51.0,51.0,-163.0,False,128.0,11.0,62208.0,499.0,243.0,57905.0,498.0,185.0
63,uniform,outputs/agents_2/items_7/gpt4o/persona_based0/output_63.txt,0.0,-42.0,0.0,-42.0,0.0,-160.0,0.0,-160.0,0.0,-42.0,0.0,-202.0,True,128.0,15.0,66360.0,526.0,245.0,62910.0,503.0,233.0
64,uniform,outputs/agents_2/items_7/gpt4o/persona_based0/output_64.txt,0.0,-54.0,0.0,-54.0,0.0,-204.0,0.0,-204.0,0.0,-54.0,0.0,-258.0,True,128.0,15.0,53214.0,475.0,217.0,53214.0,475.0,181.0
65,uniform,outputs/agents_2/items_7/gpt4o/persona_based0/output_65.txt,0.0,-30.0,0.0,-30.0,0.0,-142.0,0.0,-142.0,0.0,-30.0,0.0,-172.0,True,128.0,15.0,55013.0,474.0,229.0,55013.0,474.0,203.0
66,uniform,outputs/agents_2/items_7/gpt4o/persona_based0/output_66.txt,0.0,-166.0,0.0,-166.0,0.0,-98.0,0.0,-98.0,0.0,-98.0,0.0,-264.0,True,128.0,16.0,64974.0,515.0,243.0,64974.0,515.0,221.0
67,uniform,outputs/agents_2/items_7/gpt4o/persona_based0/output_67.txt,0.0,-54.0,0.0,-54.0,0.0,-164.0,0.0,-164.0,0.0,-54.0,0.0,-218.0,True,128.0,15.0,32461.0,370.0,161.0,32461.0,370.0,143.0
68,uniform,outputs/agents_2/items_7/gpt4o/persona_based0/output_68.txt,0.0,-201.0,0.0,-201.0,35.0,35.0,35.0,35.0,35.0,35.0,35.0,-166.0,False,128.0,16.0,33635.0,372.0,158.0,22950.0,345.0,90.0
69,uniform,outputs/agents_2/items_7/gpt4o/persona_based0/output_69.txt,50.0,50.0,50.0,50.0,0.0,-5.0,0.0,-5.0,50.0,50.0,50.0,45.0,False,128.0,6.0,41472.0,417.0,193.0,25935.0,328.0,133.0
70,uniform,outputs/agents_2/items_7/gpt4o/persona_based0/output_70.txt,0.0,-62.0,0.0,-62.0,0.0,-145.0,0.0,-145.0,0.0,-62.0,0.0,-207.0,True,128.0,14.0,63525.0,506.0,244.0,63525.0,506.0,231.0
71,uniform,outputs/agents_2/items_7/gpt4o/persona_based0/output_71.txt,7.0,7.0,7.0,7.0,0.0,-228.0,0.0,-228.0,7.0,7.0,7.0,-221.0,False,128.0,12.0,60760.0,493.0,245.0,52416.0,480.0,168.0
72,uniform,outputs/agents_2/items_7/gpt4o/persona_based0/output_72.txt,0.0,-78.0,0.0,-78.0,0.0,-128.0,0.0,-128.0,0.0,-78.0,0.0,-206.0,True,128.0,13.0,35344.0,378.0,188.0,35344.0,376.0,188.0
73,uniform,outputs/agents_2/items_7/gpt4o/persona_based0/output_73.txt,0.0,-28.0,0.0,-28.0,0.0,-163.0,0.0,-163.0,0.0,-28.0,0.0,-191.0,True,128.0,18.0,37436.0,389.0,191.0,34524.0,389.0,137.0
74,uniform,outputs/agents_2/items_7/gpt4o/persona_based0/output_74.txt,0.0,-99.0,0.0,-99.0,0.0,-95.0,0.0,-95.0,0.0,-95.0,0.0,-194.0,True,128.0,14.0,37572.0,388.0,187.0,37572.0,388.0,186.0
75,uniform,outputs/agents_2/items_7/gpt4o/persona_based0/output_75.txt,0.0,-73.0,0.0,-73.0,0.0,-74.0,0.0,-74.0,0.0,-73.0,0.0,-147.0,True,128.0,15.0,24160.0,311.0,151.0,24160.0,311.0,151.0
76,uniform,outputs/agents_2/items_7/gpt4o/persona_based0/output_76.txt,0.0,-90.0,0.0,-90.0,0.0,-115.0,0.0,-115.0,0.0,-90.0,0.0,-205.0,True,128.0,13.0,47385.0,444.0,205.0,47385.0,438.0,195.0
77,uniform,outputs/agents_2/items_7/gpt4o/persona_based0/output_77.txt,0.0,-175.0,0.0,-175.0,0.0,-11.0,0.0,-11.0,0.0,-11.0,0.0,-186.0,True,128.0,20.0,43008.0,449.0,196.0,35346.0,403.0,129.0
78,uniform,outputs/agents_2/items_7/gpt4o/persona_based0/output_78.txt,0.0,-77.0,0.0,-77.0,0.0,-151.0,0.0,-151.0,0.0,-77.0,0.0,-228.0,True,128.0,10.0,65928.0,514.0,246.0,65928.0,514.0,246.0
79,uniform,outputs/agents_2/items_7/gpt4o/persona_based0/output_79.txt,0.0,-120.0,0.0,-120.0,0.0,-101.0,0.0,-101.0,0.0,-101.0,0.0,-221.0,True,128.0,15.0,58311.0,488.0,227.0,58311.0,488.0,209.0
80,uniform,outputs/agents_2/items_7/gpt4o/persona_based0/output_80.txt,0.0,-51.0,0.0,-51.0,0.0,-150.0,0.0,-150.0,0.0,-51.0,0.0,-201.0,True,128.0,15.0,47124.0,437.0,204.0,44772.0,437.0,164.0
81,uniform,outputs/agents_2/items_7/gpt4o/persona_based0/output_81.txt,0.0,-64.0,0.0,-64.0,0.0,-224.0,0.0,-224.0,0.0,-64.0,0.0,-288.0,True,128.0,25.0,39600.0,414.0,186.0,39600.0,414.0,150.0
82,uniform,outputs/agents_2/items_7/gpt4o/persona_based0/output_82.txt,0.0,-69.0,0.0,-69.0,0.0,-33.0,0.0,-33.0,0.0,-33.0,0.0,-102.0,True,128.0,13.0,48230.0,488.0,204.0,39150.0,415.0,145.0
83,uniform,outputs/agents_2/items_7/gpt4o/persona_based0/output_83.txt,8.0,8.0,8.0,8.0,0.0,-156.0,0.0,-156.0,8.0,8.0,8.0,-148.0,False,128.0,9.0,34250.0,387.0,169.0,34250.0,387.0,137.0
84,uniform,outputs/agents_2/items_7/gpt4o/persona_based0/output_84.txt,0.0,-280.0,0.0,-280.0,94.0,94.0,94.0,94.0,94.0,94.0,94.0,-186.0,False,128.0,14.0,34164.0,382.0,174.0,23485.0,382.0,77.0
85,uniform,outputs/agents_2/items_7/gpt4o/persona_based0/output_85.txt,0.0,-49.0,0.0,-49.0,0.0,-188.0,0.0,-188.0,0.0,-49.0,0.0,-237.0,True,128.0,19.0,42387.0,412.0,199.0,40020.0,404.0,174.0
86,uniform,outputs/agents_2/items_7/gpt4o/persona_based0/output_86.txt,0.0,-33.0,0.0,-33.0,0.0,-116.0,0.0,-116.0,0.0,-33.0,0.0,-149.0,True,128.0,8.0,52432.0,460.0,226.0,50007.0,448.0,211.0
87,uniform,outputs/agents_2/items_7/gpt4o/persona_based0/output_87.txt,0.0,-14.0,0.0,-14.0,0.0,-161.0,0.0,-161.0,0.0,-14.0,0.0,-175.0,True,128.0,24.0,45385.0,503.0,170.0,30797.0,402.0,103.0
88,uniform,outputs/agents_2/items_7/gpt4o/persona_based0/output_88.txt,0.0,-84.0,0.0,-84.0,0.0,-68.0,0.0,-68.0,0.0,-68.0,0.0,-152.0,True,128.0,13.0,40198.0,402.0,199.0,40198.0,401.0,199.0
89,uniform,outputs/agents_2/items_7/gpt4o/persona_based0/output_89.txt,6.0,6.0,6.0,6.0,0.0,-175.0,0.0,-175.0,6.0,6.0,6.0,-169.0,False,128.0,11.0,66308.0,516.0,242.0,61143.0,496.0,229.0
90,uniform,outputs/agents_2/items_7/gpt4o/persona_based0/output_90.txt,0.0,-236.0,0.0,-236.0,0.0,-56.0,0.0,-56.0,0.0,-56.0,0.0,-292.0,True,128.0,19.0,48972.0,472.0,193.0,45633.0,446.0,159.0
91,uniform,outputs/agents_2/items_7/gpt4o/persona_based0/output_91.txt,0.0,-121.0,0.0,-121.0,0.0,-83.0,0.0,-83.0,0.0,-83.0,0.0,-204.0,True,128.0,13.0,54747.0,470.0,231.0,54747.0,468.0,231.0
92,uniform,outputs/agents_2/items_7/gpt4o/persona_based0/output_92.txt,0.0,-9.0,0.0,-9.0,0.0,-133.0,0.0,-133.0,0.0,-9.0,0.0,-142.0,True,128.0,22.0,39368.0,434.0,183.0,31490.0,369.0,134.0
93,uniform,outputs/agents_2/items_7/gpt4o/persona_based0/output_93.txt,0.0,-53.0,0.0,-53.0,0.0,-92.0,0.0,-92.0,0.0,-53.0,0.0,-145.0,True,128.0,14.0,50688.0,472.0,199.0,40836.0,412.0,166.0
94,uniform,outputs/agents_2/items_7/gpt4o/persona_based0/output_94.txt,12.0,12.0,12.0,12.0,0.0,-184.0,0.0,-184.0,12.0,12.0,12.0,-172.0,False,128.0,14.0,70632.0,543.0,250.0,53253.0,474.0,183.0
95,uniform,outputs/agents_2/items_7/gpt4o/persona_based0/output_95.txt,0.0,-158.0,0.0,-158.0,0.0,-36.0,0.0,-36.0,0.0,-36.0,0.0,-194.0,True,128.0,13.0,46020.0,464.0,201.0,46020.0,451.0,156.0
96,uniform,outputs/agents_2/items_7/gpt4o/persona_based0/output_96.txt,0.0,-128.0,0.0,-128.0,0.0,-102.0,0.0,-102.0,0.0,-102.0,0.0,-230.0,True,128.0,16.0,51657.0,458.0,201.0,51657.0,458.0,201.0
97,uniform,outputs/agents_2/items_7/gpt4o/persona_based0/output_97.txt,0.0,-101.0,0.0,-101.0,0.0,-100.0,0.0,-100.0,0.0,-100.0,0.0,-201.0,True,128.0,18.0,29200.0,346.0,168.0,29200.0,346.0,146.0
98,uniform,outputs/agents_2/items_7/gpt4o/persona_based0/output_98.txt,0.0,-136.0,0.0,-136.0,0.0,-72.0,0.0,-72.0,0.0,-72.0,0.0,-208.0,True,128.0,17.0,45854.0,435.0,202.0,45854.0,429.0,202.0
99,uniform,outputs/agents_2/items_7/gpt4o/persona_based0/output_99.txt,0.0,-331.0,0.0,-331.0,16.0,16.0,16.0,16.0,16.0,16.0,16.0,-315.0,False,128.0,16.0,37516.0,455.0,154.0,32296.0,455.0,88.0
100,uniform,outputs/agents_2/items_7/gpt4o/persona_based0/output_100.txt,0.0,-29.0,0.0,-29.0,0.0,-29.0,0.0,-29.0,0.0,-29.0,0.0,-58.0,True,128.0,6.0,51342.0,457.0,218.0,46209.0,430.0,211.0
101,uniform,outputs/agents_2/items_7/gpt4o/persona_based0/output_101.txt,0.0,-31.0,0.0,-31.0,0.0,-198.0,0.0,-198.0,0.0,-31.0,0.0,-229.0,True,128.0,21.0,60240.0,492.0,240.0,53340.0,464.0,210.0
102,uniform,outputs/agents_2/items_7/gpt4o/persona_based0/output_102.txt,0.0,-127.0,0.0,-127.0,40.0,40.0,40.0,40.0,40.0,40.0,40.0,-87.0,False,128.0,7.0,39990.0,416.0,193.0,33282.0,387.0,129.0
103,uniform,outputs/agents_2/items_7/gpt4o/persona_based0/output_103.txt,0.0,-50.0,0.0,-50.0,0.0,-147.0,0.0,-147.0,0.0,-50.0,0.0,-197.0,True,128.0,15.0,66584.0,522.0,246.0,61254.0,495.0,246.0
104,uniform,outputs/agents_2/items_7/gpt4o/persona_based0/output_104.txt,25.0,25.0,25.0,25.0,0.0,-56.0,0.0,-56.0,25.0,25.0,25.0,-31.0,False,128.0,12.0,26730.0,453.0,128.0,23754.0,325.0,111.0
105,uniform,outputs/agents_2/items_7/gpt4o/persona_based0/output_105.txt,0.0,-82.0,0.0,-82.0,0.0,-24.0,0.0,-24.0,0.0,-24.0,0.0,-106.0,True,128.0,20.0,24840.0,319.0,154.0,20650.0,293.0,118.0
106,uniform,outputs/agents_2/items_7/gpt4o/persona_based0/output_106.txt,0.0,-236.0,0.0,-236.0,8.0,8.0,8.0,8.0,8.0,8.0,8.0,-228.0,False,128.0,14.0,41832.0,437.0,190.0,39087.0,432.0,129.0
107,uniform,outputs/agents_2/items_7/gpt4o/persona_based0/output_107.txt,0.0,-21.0,0.0,-21.0,0.0,-143.0,0.0,-143.0,0.0,-21.0,0.0,-164.0,True,128.0,17.0,43952.0,465.0,182.0,33136.0,413.0,109.0
108,uniform,outputs/agents_2/items_7/gpt4o/persona_based0/output_108.txt,0.0,-34.0,0.0,-34.0,0.0,-28.0,0.0,-28.0,0.0,-28.0,0.0,-62.0,True,128.0,8.0,26460.0,416.0,142.0,24640.0,332.0,112.0
109,uniform,outputs/agents_2/items_7/gpt4o/persona_based0/output_109.txt,0.0,-30.0,0.0,-30.0,0.0,-185.0,0.0,-185.0,0.0,-30.0,0.0,-215.0,True,128.0,11.0,57900.0,493.0,228.0,57900.0,493.0,193.0
110,uniform,outputs/agents_2/items_7/gpt4o/persona_based0/output_110.txt,0.0,-171.0,0.0,-171.0,0.0,-29.0,0.0,-29.0,0.0,-29.0,0.0,-200.0,True,128.0,14.0,50336.0,495.0,205.0,45792.0,462.0,144.0
111,uniform,outputs/agents_2/items_7/gpt4o/persona_based0/output_111.txt,0.0,-31.0,0.0,-31.0,0.0,-100.0,0.0,-100.0,0.0,-31.0,0.0,-131.0,True,128.0,16.0,42861.0,430.0,203.0,35931.0,380.0,177.0
112,uniform,outputs/agents_2/items_7/gpt4o/persona_based0/output_112.txt,0.0,-99.0,0.0,-99.0,0.0,-108.0,0.0,-108.0,0.0,-99.0,0.0,-207.0,True,128.0,17.0,44517.0,422.0,209.0,44517.0,422.0,209.0
113,uniform,outputs/agents_2/items_7/gpt4o/persona_based0/output_113.txt,51.0,51.0,51.0,51.0,0.0,-151.0,0.0,-151.0,51.0,51.0,51.0,-100.0,False,128.0,7.0,46886.0,439.0,215.0,45630.0,439.0,169.0
114,uniform,outputs/agents_2/items_7/gpt4o/persona_based0/output_114.txt,0.0,-92.0,0.0,-92.0,0.0,-99.0,0.0,-99.0,0.0,-92.0,0.0,-191.0,True,128.0,20.0,38817.0,399.0,176.0,29952.0,348.0,156.0
115,uniform,outputs/agents_2/items_7/gpt4o/persona_based0/output_115.txt,38.0,38.0,38.0,38.0,0.0,-169.0,0.0,-169.0,38.0,38.0,38.0,-131.0,False,128.0,10.0,53320.0,488.0,223.0,51290.0,453.0,223.0
116,uniform,outputs/agents_2/items_7/gpt4o/persona_based0/output_116.txt,0.0,-165.0,0.0,-165.0,0.0,-48.0,0.0,-48.0,0.0,-48.0,0.0,-213.0,True,128.0,18.0,48692.0,447.0,204.0,48692.0,447.0,188.0
117,uniform,outputs/agents_2/items_7/gpt4o/persona_based0/output_117.txt,0.0,-73.0,0.0,-73.0,0.0,-22.0,0.0,-22.0,0.0,-22.0,0.0,-95.0,True,128.0,14.0,49599.0,470.0,200.0,36888.0,391.0,159.0
118,uniform,outputs/agents_2/items_7/gpt4o/persona_based0/output_118.txt,0.0,-78.0,0.0,-78.0,0.0,-233.0,0.0,-233.0,0.0,-78.0,0.0,-311.0,True,128.0,21.0,49707.0,460.0,215.0,49179.0,460.0,169.0
119,uniform,outputs/agents_2/items_7/gpt4o/persona_based0/output_119.txt,22.0,22.0,22.0,22.0,0.0,-216.0,0.0,-216.0,22.0,22.0,22.0,-194.0,False,128.0,16.0,40992.0,416.0,186.0,30510.0,383.0,113.0
120,uniform,outputs/agents_2/items_7/gpt4o/persona_based0/output_120.txt,0.0,-38.0,0.0,-38.0,0.0,-97.0,0.0,-97.0,0.0,-38.0,0.0,-135.0,True,128.0,13.0,47532.0,437.0,204.0,40480.0,404.0,184.0
121,uniform,outputs/agents_2/items_7/gpt4o/persona_based0/output_121.txt,0.0,-52.0,0.0,-52.0,0.0,-155.0,0.0,-155.0,0.0,-52.0,0.0,-207.0,True,128.0,11.0,75152.0,552.0,258.0,75152.0,552.0,244.0
122,uniform,outputs/agents_2/items_7/gpt4o/persona_based0/output_122.txt,0.0,-144.0,0.0,-144.0,0.0,-15.0,0.0,-15.0,0.0,-15.0,0.0,-159.0,True,128.0,15.0,72956.0,550.0,248.0,66712.0,517.0,248.0
123,uniform,outputs/agents_2/items_7/gpt4o/persona_based0/output_123.txt,0.0,-178.0,0.0,-178.0,0.0,-100.0,0.0,-100.0,0.0,-100.0,0.0,-278.0,True,128.0,18.0,64660.0,509.0,244.0,64660.0,509.0,244.0
124,uniform,outputs/agents_2/items_7/gpt4o/persona_based0/output_124.txt,13.0,13.0,13.0,13.0,0.0,-111.0,0.0,-111.0,13.0,13.0,13.0,-98.0,False,128.0,14.0,44707.0,428.0,201.0,35045.0,378.0,163.0
125,uniform,outputs/agents_2/items_7/gpt4o/persona_based0/output_125.txt,0.0,-146.0,0.0,-146.0,0.0,-64.0,0.0,-64.0,0.0,-64.0,0.0,-210.0,True,128.0,13.0,74800.0,553.0,272.0,74800.0,547.0,272.0
126,uniform,outputs/agents_2/items_7/gpt4o/persona_based0/output_126.txt,0.0,-1.0,0.0,-1.0,0.0,-173.0,0.0,-173.0,0.0,-1.0,0.0,-174.0,True,128.0,14.0,58300.0,492.0,229.0,56560.0,482.0,202.0
127,uniform,outputs/agents_2/items_7/gpt4o/persona_based0/output_127.txt,0.0,-141.0,0.0,-141.0,38.0,38.0,38.0,38.0,38.0,38.0,38.0,-103.0,False,128.0,17.0,57062.0,496.0,228.0,39744.0,426.0,138.0
128,uniform,outputs/agents_2/items_7/gpt4o/persona_based0/output_128.txt,0.0,-140.0,0.0,-140.0,0.0,-160.0,0.0,-160.0,0.0,-140.0,0.0,-300.0,True,128.0,17.0,65905.0,514.0,245.0,65905.0,514.0,245.0
129,uniform,outputs/agents_2/items_7/gpt4o/persona_based0/output_129.txt,0.0,-43.0,0.0,-43.0,0.0,-76.0,0.0,-76.0,0.0,-43.0,0.0,-119.0,True,128.0,17.0,73143.0,549.0,243.0,55860.0,476.0,210.0
130,uniform,outputs/agents_2/items_7/gpt4o/persona_based0/output_130.txt,0.0,-47.0,0.0,-47.0,0.0,-191.0,0.0,-191.0,0.0,-47.0,0.0,-238.0,True,128.0,15.0,63109.0,571.0,223.0,60960.0,541.0,160.0
131,uniform,outputs/agents_2/items_7/gpt4o/persona_based0/output_131.txt,0.0,-166.0,0.0,-166.0,0.0,-13.0,0.0,-13.0,0.0,-13.0,0.0,-179.0,True,128.0,18.0,35916.0,442.0,171.0,33976.0,398.0,124.0
132,uniform,outputs/agents_2/items_7/gpt4o/persona_based0/output_132.txt,0.0,-80.0,0.0,-80.0,0.0,-112.0,0.0,-112.0,0.0,-80.0,0.0,-192.0,True,128.0,21.0,31520.0,357.0,162.0,30932.0,357.0,148.0
133,uniform,outputs/agents_2/items_7/gpt4o/persona_based0/output_133.txt,0.0,-73.0,0.0,-73.0,0.0,-72.0,0.0,-72.0,0.0,-72.0,0.0,-145.0,True,128.0,15.0,26741.0,341.0,149.0,25926.0,323.0,149.0
134,uniform,outputs/agents_2/items_7/gpt4o/persona_based0/output_134.txt,0.0,-324.0,0.0,-324.0,46.0,46.0,46.0,46.0,46.0,46.0,46.0,-278.0,False,128.0,12.0,53738.0,473.0,204.0,36472.0,473.0,97.0
135,uniform,outputs/agents_2/items_7/gpt4o/persona_based0/output_135.txt,102.0,102.0,102.0,102.0,0.0,-148.0,0.0,-148.0,102.0,102.0,102.0,-46.0,False,128.0,16.0,33453.0,366.0,177.0,16080.0,281.0,80.0
136,uniform,outputs/agents_2/items_7/gpt4o/persona_based0/output_136.txt,0.0,-202.0,0.0,-202.0,0.0,-2.0,0.0,-2.0,0.0,-2.0,0.0,-204.0,True,128.0,18.0,42828.0,446.0,190.0,38634.0,419.0,137.0
137,uniform,outputs/agents_2/items_7/gpt4o/persona_based0/output_137.txt,0.0,-11.0,0.0,-11.0,0.0,-113.0,0.0,-113.0,0.0,-11.0,0.0,-124.0,True,128.0,15.0,43434.0,436.0,191.0,37054.0,385.0,191.0
138,uniform,outputs/agents_2/items_7/gpt4o/persona_based0/output_138.txt,0.0,-35.0,0.0,-35.0,0.0,-46.0,0.0,-46.0,0.0,-35.0,0.0,-81.0,True,128.0,5.0,46710.0,454.0,198.0,40420.0,407.0,172.0
139,uniform,outputs/agents_2/items_7/gpt4o/persona_based0/output_139.txt,0.0,-143.0,0.0,-143.0,0.0,-136.0,0.0,-136.0,0.0,-136.0,0.0,-279.0,True,128.0,15.0,53502.0,467.0,222.0,53502.0,463.0,222.0
140,uniform,outputs/agents_2/items_7/gpt4o/persona_based0/output_140.txt,0.0,-162.0,0.0,-162.0,0.0,-68.0,0.0,-68.0,0.0,-68.0,0.0,-230.0,True,128.0,13.0,69052.0,527.0,244.0,67944.0,526.0,228.0
141,uniform,outputs/agents_2/items_7/gpt4o/persona_based0/output_141.txt,0.0,-68.0,0.0,-68.0,0.0,-95.0,0.0,-95.0,0.0,-68.0,0.0,-163.0,True,128.0,17.0,42926.0,424.0,196.0,39396.0,397.0,196.0
142,uniform,outputs/agents_2/items_7/gpt4o/persona_based0/output_142.txt,105.0,105.0,105.0,105.0,0.0,-369.0,0.0,-369.0,105.0,105.0,105.0,-264.0,False,128.0,14.0,51324.0,477.0,209.0,33930.0,477.0,87.0
143,uniform,outputs/agents_2/items_7/gpt4o/persona_based0/output_143.txt,0.0,-82.0,0.0,-82.0,0.0,-131.0,0.0,-131.0,0.0,-82.0,0.0,-213.0,True,128.0,13.0,77816.0,561.0,274.0,75456.0,550.0,262.0
144,uniform,outputs/agents_2/items_7/gpt4o/persona_based0/output_144.txt,0.0,-176.0,0.0,-176.0,0.0,-186.0,0.0,-186.0,0.0,-176.0,0.0,-362.0,True,128.0,24.0,70074.0,535.0,263.0,69695.0,528.0,263.0
145,uniform,outputs/agents_2/items_7/gpt4o/persona_based0/output_145.txt,0.0,-177.0,0.0,-177.0,0.0,-20.0,0.0,-20.0,0.0,-20.0,0.0,-197.0,True,128.0,15.0,39216.0,410.0,191.0,39216.0,410.0,152.0
146,uniform,outputs/agents_2/items_7/gpt4o/persona_based0/output_146.txt,0.0,-98.0,0.0,-98.0,0.0,-277.0,0.0,-277.0,0.0,-98.0,0.0,-375.0,True,128.0,18.0,91044.0,605.0,281.0,91044.0,605.0,281.0
147,uniform,outputs/agents_2/items_7/gpt4o/persona_based0/output_147.txt,0.0,-87.0,0.0,-87.0,0.0,-130.0,0.0,-130.0,0.0,-87.0,0.0,-217.0,True,128.0,14.0,56280.0,481.0,218.0,56280.0,481.0,201.0
148,uniform,outputs/agents_2/items_7/gpt4o/persona_based0/output_148.txt,0.0,-185.0,0.0,-185.0,0.0,-105.0,0.0,-105.0,0.0,-105.0,0.0,-290.0,True,128.0,23.0,55626.0,473.0,219.0,50176.0,452.0,196.0
149,uniform,outputs/agents_2/items_7/gpt4o/persona_based0/output_149.txt,0.0,-54.0,0.0,-54.0,0.0,-147.0,0.0,-147.0,0.0,-54.0,0.0,-201.0,True,128.0,18.0,80282.0,567.0,274.0,64120.0,509.0,229.0
150,uniform,outputs/agents_2/items_7/gpt4o/persona_based0/output_150.txt,0.0,-219.0,0.0,-219.0,83.0,83.0,83.0,83.0,83.0,83.0,83.0,-136.0,False,128.0,7.0,48951.0,466.0,214.0,41625.0,458.0,125.0
151,uniform,outputs/agents_2/items_7/gpt4o/persona_based0/output_151.txt,0.0,-7.0,0.0,-7.0,0.0,-193.0,0.0,-193.0,0.0,-7.0,0.0,-200.0,True,128.0,12.0,46200.0,445.0,200.0,46200.0,445.0,165.0
152,uniform,outputs/agents_2/items_7/gpt4o/persona_based0/output_152.txt,0.0,-72.0,0.0,-72.0,0.0,-33.0,0.0,-33.0,0.0,-33.0,0.0,-105.0,True,128.0,11.0,15104.0,246.0,118.0,15104.0,246.0,118.0
153,uniform,outputs/agents_2/items_7/gpt4o/persona_based0/output_153.txt,0.0,-61.0,0.0,-61.0,0.0,-40.0,0.0,-40.0,0.0,-40.0,0.0,-101.0,True,128.0,15.0,37887.0,400.0,191.0,32375.0,360.0,175.0
154,uniform,outputs/agents_2/items_7/gpt4o/persona_based0/output_154.txt,0.0,-46.0,0.0,-46.0,0.0,-195.0,0.0,-195.0,0.0,-46.0,0.0,-241.0,True,128.0,18.0,44312.0,423.0,196.0,42944.0,420.0,176.0
155,uniform,outputs/agents_2/items_7/gpt4o/persona_based0/output_155.txt,0.0,-59.0,0.0,-59.0,0.0,-150.0,0.0,-150.0,0.0,-59.0,0.0,-209.0,True,128.0,17.0,54096.0,478.0,219.0,50826.0,455.0,197.0
156,uniform,outputs/agents_2/items_7/gpt4o/persona_based0/output_156.txt,0.0,-87.0,0.0,-87.0,0.0,-61.0,0.0,-61.0,0.0,-61.0,0.0,-148.0,True,128.0,15.0,47670.0,442.0,210.0,41520.0,413.0,173.0
157,uniform,outputs/agents_2/items_7/gpt4o/persona_based0/output_157.txt,0.0,-87.0,0.0,-87.0,0.0,-124.0,0.0,-124.0,0.0,-87.0,0.0,-211.0,True,128.0,20.0,28215.0,336.0,165.0,28215.0,336.0,165.0
158,uniform,outputs/agents_2/items_7/gpt4o/persona_based0/output_158.txt,0.0,-155.0,0.0,-155.0,37.0,37.0,37.0,37.0,37.0,37.0,37.0,-118.0,False,128.0,11.0,37392.0,403.0,182.0,29568.0,356.0,132.0
159,uniform,outputs/agents_2/items_7/gpt4o/persona_based0/output_159.txt,31.0,31.0,31.0,31.0,0.0,-374.0,0.0,-374.0,31.0,31.0,31.0,-343.0,False,128.0,20.0,62682.0,551.0,217.0,51408.0,551.0,119.0
160,uniform,outputs/agents_2/items_7/gpt4o/persona_based0/output_160.txt,0.0,-47.0,0.0,-47.0,0.0,-215.0,0.0,-215.0,0.0,-47.0,0.0,-262.0,True,128.0,14.0,55521.0,478.0,217.0,55521.0,478.0,199.0
161,uniform,outputs/agents_2/items_7/gpt4o/persona_based0/output_161.txt,0.0,-105.0,0.0,-105.0,0.0,-194.0,0.0,-194.0,0.0,-105.0,0.0,-299.0,True,128.0,20.0,61056.0,500.0,236.0,57344.0,480.0,224.0
162,uniform,outputs/agents_2/items_7/gpt4o/persona_based0/output_162.txt,0.0,-52.0,0.0,-52.0,0.0,-68.0,0.0,-68.0,0.0,-52.0,0.0,-120.0,True,128.0,10.0,68880.0,527.0,248.0,65455.0,512.0,247.0
163,uniform,outputs/agents_2/items_7/gpt4o/persona_based0/output_163.txt,0.0,-50.0,0.0,-50.0,0.0,-161.0,0.0,-161.0,0.0,-50.0,0.0,-211.0,True,128.0,21.0,35136.0,385.0,183.0,35136.0,375.0,183.0
164,uniform,outputs/agents_2/items_7/gpt4o/persona_based0/output_164.txt,0.0,-133.0,0.0,-133.0,0.0,-92.0,0.0,-92.0,0.0,-92.0,0.0,-225.0,True,128.0,21.0,36050.0,383.0,177.0,35400.0,377.0,177.0
165,uniform,outputs/agents_2/items_7/gpt4o/persona_based0/output_165.txt,0.0,-77.0,0.0,-77.0,0.0,-190.0,0.0,-190.0,0.0,-77.0,0.0,-267.0,True,128.0,15.0,57132.0,483.0,227.0,57132.0,483.0,207.0
166,uniform,outputs/agents_2/items_7/gpt4o/persona_based0/output_166.txt,0.0,-133.0,0.0,-133.0,0.0,-151.0,0.0,-151.0,0.0,-133.0,0.0,-284.0,True,128.0,20.0,67818.0,521.0,254.0,67818.0,521.0,254.0
167,uniform,outputs/agents_2/items_7/gpt4o/persona_based0/output_167.txt,0.0,-1.0,0.0,-1.0,0.0,-97.0,0.0,-97.0,0.0,-1.0,0.0,-98.0,True,128.0,13.0,35490.0,385.0,182.0,30294.0,351.0,153.0
168,uniform,outputs/agents_2/items_7/gpt4o/persona_based0/output_168.txt,0.0,-6.0,0.0,-6.0,0.0,-76.0,0.0,-76.0,0.0,-6.0,0.0,-82.0,True,128.0,5.0,84150.0,581.0,275.0,71120.0,534.0,254.0
169,uniform,outputs/agents_2/items_7/gpt4o/persona_based0/output_169.txt,11.0,11.0,11.0,11.0,0.0,-195.0,0.0,-195.0,11.0,11.0,11.0,-184.0,False,128.0,16.0,62816.0,527.0,238.0,61374.0,511.0,193.0
170,uniform,outputs/agents_2/items_7/gpt4o/persona_based0/output_170.txt,0.0,-30.0,0.0,-30.0,0.0,-224.0,0.0,-224.0,0.0,-30.0,0.0,-254.0,True,128.0,18.0,28060.0,434.0,130.0,28060.0,397.0,92.0
171,uniform,outputs/agents_2/items_7/gpt4o/persona_based0/output_171.txt,0.0,-226.0,0.0,-226.0,0.0,-87.0,0.0,-87.0,0.0,-87.0,0.0,-313.0,True,128.0,26.0,36192.0,396.0,178.0,35604.0,396.0,138.0
172,uniform,outputs/agents_2/items_7/gpt4o/persona_based0/output_172.txt,0.0,-87.0,0.0,-87.0,0.0,-44.0,0.0,-44.0,0.0,-44.0,0.0,-131.0,True,128.0,13.0,69422.0,543.0,248.0,55755.0,484.0,189.0
173,uniform,outputs/agents_2/items_7/gpt4o/persona_based0/output_173.txt,0.0,-34.0,0.0,-34.0,0.0,-112.0,0.0,-112.0,0.0,-34.0,0.0,-146.0,True,128.0,9.0,38088.0,404.0,185.0,38088.0,391.0,184.0
174,uniform,outputs/agents_2/items_7/gpt4o/persona_based0/output_174.txt,0.0,-143.0,0.0,-143.0,0.0,-224.0,0.0,-224.0,0.0,-143.0,0.0,-367.0,True,128.0,22.0,72816.0,542.0,254.0,71120.0,534.0,254.0
175,uniform,outputs/agents_2/items_7/gpt4o/persona_based0/output_175.txt,0.0,-167.0,0.0,-167.0,0.0,-20.0,0.0,-20.0,0.0,-20.0,0.0,-187.0,True,128.0,13.0,83688.0,581.0,279.0,83688.0,581.0,264.0
176,uniform,outputs/agents_2/items_7/gpt4o/persona_based0/output_176.txt,0.0,-93.0,0.0,-93.0,0.0,-114.0,0.0,-114.0,0.0,-93.0,0.0,-207.0,True,128.0,19.0,32702.0,363.0,166.0,32702.0,363.0,166.0
177,uniform,outputs/agents_2/items_7/gpt4o/persona_based0/output_177.txt,0.0,-48.0,0.0,-48.0,0.0,-23.0,0.0,-23.0,0.0,-23.0,0.0,-71.0,True,128.0,9.0,37872.0,407.0,183.0,30856.0,355.0,152.0
178,uniform,outputs/agents_2/items_7/gpt4o/persona_based0/output_178.txt,0.0,-55.0,0.0,-55.0,0.0,-256.0,0.0,-256.0,0.0,-55.0,0.0,-311.0,True,128.0,16.0,76050.0,559.0,260.0,76050.0,559.0,234.0
179,uniform,outputs/agents_2/items_7/gpt4o/persona_based0/output_179.txt,0.0,-212.0,0.0,-212.0,0.0,-66.0,0.0,-66.0,0.0,-66.0,0.0,-278.0,True,128.0,16.0,65762.0,516.0,251.0,65762.0,513.0,251.0
180,uniform,outputs/agents_2/items_7/gpt4o/persona_based0/output_180.txt,0.0,-33.0,0.0,-33.0,0.0,-113.0,0.0,-113.0,0.0,-33.0,0.0,-146.0,True,128.0,21.0,46620.0,432.0,210.0,33440.0,366.0,176.0
181,uniform,outputs/agents_2/items_7/gpt4o/persona_based0/output_181.txt,0.0,-60.0,0.0,-60.0,0.0,-108.0,0.0,-108.0,0.0,-60.0,0.0,-168.0,True,128.0,20.0,72800.0,540.0,260.0,52224.0,464.0,192.0
182,uniform,outputs/agents_2/items_7/gpt4o/persona_based0/output_182.txt,0.0,-152.0,0.0,-152.0,0.0,-70.0,0.0,-70.0,0.0,-70.0,0.0,-222.0,True,128.0,20.0,35840.0,384.0,164.0,35840.0,384.0,160.0
183,uniform,outputs/agents_2/items_7/gpt4o/persona_based0/output_183.txt,0.0,-137.0,0.0,-137.0,0.0,-221.0,0.0,-221.0,0.0,-137.0,0.0,-358.0,True,128.0,22.0,76472.0,558.0,272.0,76472.0,558.0,242.0
184,uniform,outputs/agents_2/items_7/gpt4o/persona_based0/output_184.txt,34.0,34.0,34.0,34.0,0.0,-180.0,0.0,-180.0,34.0,34.0,34.0,-146.0,False,128.0,11.0,20303.0,397.0,105.0,11440.0,326.0,40.0
185,uniform,outputs/agents_2/items_7/gpt4o/persona_based0/output_185.txt,0.0,-67.0,0.0,-67.0,0.0,-183.0,0.0,-183.0,0.0,-67.0,0.0,-250.0,True,128.0,16.0,54264.0,466.0,228.0,54264.0,466.0,228.0
186,uniform,outputs/agents_2/items_7/gpt4o/persona_based0/output_186.txt,0.0,-9.0,0.0,-9.0,0.0,-88.0,0.0,-88.0,0.0,-9.0,0.0,-97.0,True,128.0,21.0,33840.0,402.0,144.0,23622.0,313.0,127.0
187,uniform,outputs/agents_2/items_7/gpt4o/persona_based0/output_187.txt,0.0,-225.0,0.0,-225.0,0.0,-107.0,0.0,-107.0,0.0,-107.0,0.0,-332.0,True,128.0,28.0,54270.0,471.0,203.0,49280.0,456.0,176.0
188,uniform,outputs/agents_2/items_7/gpt4o/persona_based0/output_188.txt,0.0,-142.0,0.0,-142.0,71.0,71.0,71.0,71.0,71.0,71.0,71.0,-71.0,False,128.0,14.0,53856.0,479.0,226.0,32718.0,401.0,114.0
189,uniform,outputs/agents_2/items_7/gpt4o/persona_based0/output_189.txt,2.0,2.0,2.0,2.0,0.0,-173.0,0.0,-173.0,2.0,2.0,2.0,-171.0,False,128.0,15.0,48676.0,466.0,214.0,38220.0,424.0,130.0
190,uniform,outputs/agents_2/items_7/gpt4o/persona_based0/output_190.txt,0.0,-132.0,0.0,-132.0,0.0,-98.0,0.0,-98.0,0.0,-98.0,0.0,-230.0,True,128.0,21.0,44888.0,429.0,192.0,42750.0,415.0,190.0
191,uniform,outputs/agents_2/items_7/gpt4o/persona_based0/output_191.txt,0.0,-73.0,0.0,-73.0,0.0,-94.0,0.0,-94.0,0.0,-73.0,0.0,-167.0,True,128.0,17.0,36225.0,386.0,178.0,36134.0,381.0,178.0
192,uniform,outputs/agents_2/items_7/gpt4o/persona_based0/output_192.txt,0.0,-147.0,0.0,-147.0,0.0,-83.0,0.0,-83.0,0.0,-83.0,0.0,-230.0,True,128.0,15.0,56797.0,478.0,221.0,56797.0,478.0,221.0
193,uniform,outputs/agents_2/items_7/gpt4o/persona_based0/output_193.txt,102.0,102.0,102.0,102.0,0.0,-262.0,0.0,-262.0,102.0,102.0,102.0,-160.0,False,128.0,14.0,50167.0,452.0,221.0,42612.0,452.0,134.0
194,uniform,outputs/agents_2/items_7/gpt4o/persona_based0/output_194.txt,0.0,-200.0,0.0,-200.0,0.0,-30.0,0.0,-30.0,0.0,-30.0,0.0,-230.0,True,128.0,17.0,55678.0,481.0,222.0,45872.0,432.0,188.0
195,uniform,outputs/agents_2/items_7/gpt4o/persona_based0/output_195.txt,106.0,106.0,106.0,106.0,0.0,-318.0,0.0,-318.0,106.0,106.0,106.0,-212.0,False,128.0,15.0,53856.0,474.0,220.0,42245.0,474.0,119.0
196,uniform,outputs/agents_2/items_7/gpt4o/persona_based0/output_196.txt,0.0,-311.0,0.0,-311.0,42.0,42.0,42.0,42.0,42.0,42.0,42.0,-269.0,False,128.0,17.0,57638.0,519.0,234.0,47600.0,519.0,119.0
197,uniform,outputs/agents_2/items_7/gpt4o/persona_based0/output_197.txt,0.0,-321.0,0.0,-321.0,0.0,-6.0,0.0,-6.0,0.0,-6.0,0.0,-327.0,True,128.0,28.0,37675.0,427.0,171.0,32926.0,427.0,101.0
198,uniform,outputs/agents_2/items_7/gpt4o/persona_based0/output_198.txt,0.0,-55.0,0.0,-55.0,0.0,-92.0,0.0,-92.0,0.0,-55.0,0.0,-147.0,True,128.0,16.0,65175.0,530.0,237.0,52353.0,466.0,189.0
199,uniform,outputs/agents_2/items_7/gpt4o/persona_based0/output_199.txt,0.0,-170.0,0.0,-170.0,50.0,50.0,50.0,50.0,50.0,50.0,50.0,-120.0,False,128.0,14.0,28171.0,398.0,155.0,19028.0,351.0,67.0
200,uniform,outputs/agents_2/items_7/gpt4o/persona_based0/output_200.txt,0.0,-81.0,0.0,-81.0,0.0,-171.0,0.0,-171.0,0.0,-81.0,0.0,-252.0,True,128.0,21.0,39648.0,404.0,191.0,39150.0,399.0,174.0
201,uniform,outputs/agents_2/items_7/gpt4o/persona_based0/output_201.txt,0.0,-50.0,0.0,-50.0,0.0,-150.0,0.0,-150.0,0.0,-50.0,0.0,-200.0,True,128.0,20.0,64800.0,536.0,226.0,50657.0,462.0,179.0
202,uniform,outputs/agents_2/items_7/gpt4o/persona_based0/output_202.txt,0.0,-76.0,0.0,-76.0,19.0,19.0,19.0,19.0,19.0,19.0,19.0,-57.0,False,128.0,10.0,79513.0,576.0,275.0,62976.0,502.0,246.0
203,uniform,outputs/agents_2/items_7/gpt4o/persona_based0/output_203.txt,0.0,-48.0,0.0,-48.0,0.0,-85.0,0.0,-85.0,0.0,-48.0,0.0,-133.0,True,128.0,10.0,52437.0,462.0,227.0,49951.0,448.0,209.0
204,uniform,outputs/agents_2/items_7/gpt4o/persona_based0/output_204.txt,12.0,12.0,12.0,12.0,0.0,-295.0,0.0,-295.0,12.0,12.0,12.0,-283.0,False,128.0,19.0,49068.0,467.0,201.0,45780.0,467.0,140.0
205,uniform,outputs/agents_2/items_7/gpt4o/persona_based0/output_205.txt,0.0,-23.0,0.0,-23.0,0.0,-91.0,0.0,-91.0,0.0,-23.0,0.0,-114.0,True,128.0,11.0,22796.0,318.0,139.0,22796.0,303.0,139.0
206,uniform,outputs/agents_2/items_7/gpt4o/persona_based0/output_206.txt,89.0,89.0,89.0,89.0,0.0,-144.0,0.0,-144.0,89.0,89.0,89.0,-55.0,False,128.0,11.0,51484.0,462.0,212.0,38631.0,400.0,163.0
207,uniform,outputs/agents_2/items_7/gpt4o/persona_based0/output_207.txt,5.0,5.0,5.0,5.0,0.0,-48.0,0.0,-48.0,5.0,5.0,5.0,-43.0,False,128.0,12.0,46656.0,488.0,196.0,31275.0,364.0,139.0
208,uniform,outputs/agents_2/items_7/gpt4o/persona_based0/output_208.txt,0.0,-115.0,0.0,-115.0,0.0,-137.0,0.0,-137.0,0.0,-115.0,0.0,-252.0,True,128.0,13.0,61290.0,497.0,227.0,61290.0,497.0,227.0
209,uniform,outputs/agents_2/items_7/gpt4o/persona_based0/output_209.txt,0.0,-64.0,0.0,-64.0,0.0,-144.0,0.0,-144.0,0.0,-64.0,0.0,-208.0,True,128.0,14.0,56434.0,496.0,231.0,56434.0,481.0,203.0
210,uniform,outputs/agents_2/items_7/gpt4o/persona_based0/output_210.txt,67.0,67.0,67.0,67.0,0.0,-262.0,0.0,-262.0,67.0,67.0,67.0,-195.0,False,128.0,10.0,66619.0,546.0,244.0,57304.0,529.0,152.0
211,uniform,outputs/agents_2/items_7/gpt4o/persona_based0/output_211.txt,0.0,-156.0,0.0,-156.0,0.0,-51.0,0.0,-51.0,0.0,-51.0,0.0,-207.0,True,128.0,22.0,37620.0,394.0,191.0,34069.0,374.0,157.0
212,uniform,outputs/agents_2/items_7/gpt4o/persona_based0/output_212.txt,10.0,10.0,10.0,10.0,0.0,-209.0,0.0,-209.0,10.0,10.0,10.0,-199.0,False,128.0,9.0,73656.0,548.0,248.0,73656.0,545.0,248.0
213,uniform,outputs/agents_2/items_7/gpt4o/persona_based0/output_213.txt,0.0,-163.0,0.0,-163.0,0.0,-26.0,0.0,-26.0,0.0,-26.0,0.0,-189.0,True,128.0,14.0,33915.0,392.0,167.0,33915.0,388.0,133.0
214,uniform,outputs/agents_2/items_7/gpt4o/persona_based0/output_214.txt,0.0,-175.0,0.0,-175.0,0.0,-99.0,0.0,-99.0,0.0,-99.0,0.0,-274.0,True,128.0,13.0,64600.0,550.0,233.0,64600.0,523.0,200.0
215,uniform,outputs/agents_2/items_7/gpt4o/persona_based0/output_215.txt,0.0,-117.0,0.0,-117.0,0.0,-144.0,0.0,-144.0,0.0,-117.0,0.0,-261.0,True,128.0,15.0,60000.0,501.0,220.0,60000.0,500.0,200.0
216,uniform,outputs/agents_2/items_7/gpt4o/persona_based0/output_216.txt,0.0,-99.0,0.0,-99.0,0.0,-20.0,0.0,-20.0,0.0,-20.0,0.0,-119.0,True,128.0,13.0,61992.0,501.0,246.0,52962.0,473.0,182.0
217,uniform,outputs/agents_2/items_7/gpt4o/persona_based0/output_217.txt,0.0,-88.0,0.0,-88.0,0.0,-208.0,0.0,-208.0,0.0,-88.0,0.0,-296.0,True,128.0,18.0,58800.0,533.0,200.0,58800.0,518.0,168.0
218,uniform,outputs/agents_2/items_7/gpt4o/persona_based0/output_218.txt,0.0,-28.0,0.0,-28.0,0.0,-229.0,0.0,-229.0,0.0,-28.0,0.0,-257.0,True,128.0,16.0,64414.0,515.0,229.0,64414.0,515.0,214.0
219,uniform,outputs/agents_2/items_7/gpt4o/persona_based0/output_219.txt,0.0,-100.0,0.0,-100.0,0.0,-97.0,0.0,-97.0,0.0,-97.0,0.0,-197.0,True,128.0,15.0,57834.0,481.0,238.0,57834.0,481.0,238.0
220,uniform,outputs/agents_2/items_7/gpt4o/persona_based0/output_220.txt,0.0,-102.0,0.0,-102.0,0.0,-77.0,0.0,-77.0,0.0,-77.0,0.0,-179.0,True,128.0,11.0,38430.0,393.0,185.0,38430.0,393.0,183.0
221,uniform,outputs/agents_2/items_7/gpt4o/persona_based0/output_221.txt,0.0,-86.0,0.0,-86.0,0.0,-241.0,0.0,-241.0,0.0,-86.0,0.0,-327.0,True,128.0,17.0,87420.0,592.0,282.0,87420.0,592.0,282.0
222,uniform,outputs/agents_2/items_7/gpt4o/persona_based0/output_222.txt,0.0,-258.0,0.0,-258.0,9.0,9.0,9.0,9.0,9.0,9.0,9.0,-249.0,False,128.0,12.0,61065.0,521.0,240.0,57148.0,521.0,157.0
223,uniform,outputs/agents_2/items_7/gpt4o/persona_based0/output_223.txt,0.0,-259.0,0.0,-259.0,0.0,-140.0,0.0,-140.0,0.0,-140.0,0.0,-399.0,True,128.0,22.0,83030.0,594.0,267.0,83030.0,591.0,230.0
224,uniform,outputs/agents_2/items_7/gpt4o/persona_based0/output_224.txt,0.0,-43.0,0.0,-43.0,0.0,-28.0,0.0,-28.0,0.0,-28.0,0.0,-71.0,True,128.0,15.0,41405.0,450.0,189.0,39639.0,400.0,181.0
225,uniform,outputs/agents_2/items_7/gpt4o/persona_based0/output_225.txt,0.0,-140.0,0.0,-140.0,19.0,19.0,19.0,19.0,19.0,19.0,19.0,-121.0,False,128.0,14.0,63261.0,525.0,238.0,60066.0,495.0,213.0
226,uniform,outputs/agents_2/items_7/gpt4o/persona_based0/output_226.txt,0.0,-197.0,0.0,-197.0,0.0,-25.0,0.0,-25.0,0.0,-25.0,0.0,-222.0,True,128.0,12.0,44278.0,431.0,197.0,44278.0,431.0,169.0
227,uniform,outputs/agents_2/items_7/gpt4o/persona_based0/output_227.txt,0.0,-103.0,0.0,-103.0,67.0,67.0,67.0,67.0,67.0,67.0,67.0,-36.0,False,128.0,7.0,54285.0,472.0,231.0,44388.0,436.0,162.0
228,uniform,outputs/agents_2/items_7/gpt4o/persona_based0/output_228.txt,0.0,-117.0,0.0,-117.0,0.0,-140.0,0.0,-140.0,0.0,-117.0,0.0,-257.0,True,128.0,16.0,44044.0,424.0,183.0,44044.0,424.0,182.0
229,uniform,outputs/agents_2/items_7/gpt4o/persona_based0/output_229.txt,0.0,-144.0,0.0,-144.0,0.0,-76.0,0.0,-76.0,0.0,-76.0,0.0,-220.0,True,128.0,20.0,49686.0,463.0,206.0,41796.0,415.0,172.0
230,uniform,outputs/agents_2/items_7/gpt4o/persona_based0/output_230.txt,0.0,-118.0,0.0,-118.0,0.0,-81.0,0.0,-81.0,0.0,-81.0,0.0,-199.0,True,128.0,16.0,46367.0,454.0,199.0,46367.0,432.0,199.0
231,uniform,outputs/agents_2/items_7/gpt4o/persona_based0/output_231.txt,0.0,-47.0,0.0,-47.0,0.0,-126.0,0.0,-126.0,0.0,-47.0,0.0,-173.0,True,128.0,13.0,72628.0,539.0,268.0,69874.0,539.0,217.0
232,uniform,outputs/agents_2/items_7/gpt4o/persona_based0/output_232.txt,37.0,37.0,37.0,37.0,0.0,-256.0,0.0,-256.0,37.0,37.0,37.0,-219.0,False,128.0,16.0,52460.0,465.0,217.0,46916.0,465.0,148.0
233,uniform,outputs/agents_2/items_7/gpt4o/persona_based0/output_233.txt,0.0,-128.0,0.0,-128.0,0.0,-49.0,0.0,-49.0,0.0,-49.0,0.0,-177.0,True,128.0,19.0,31556.0,357.0,165.0,30525.0,350.0,165.0
234,uniform,outputs/agents_2/items_7/gpt4o/persona_based0/output_234.txt,0.0,-89.0,0.0,-89.0,0.0,-145.0,0.0,-145.0,0.0,-89.0,0.0,-234.0,True,128.0,11.0,68595.0,524.0,255.0,68595.0,524.0,255.0
235,uniform,outputs/agents_2/items_7/gpt4o/persona_based0/output_235.txt,0.0,-115.0,0.0,-115.0,0.0,-116.0,0.0,-116.0,0.0,-115.0,0.0,-231.0,True,128.0,13.0,49181.0,450.0,194.0,49181.0,450.0,187.0
236,uniform,outputs/agents_2/items_7/gpt4o/persona_based0/output_236.txt,0.0,-254.0,0.0,-254.0,112.0,112.0,112.0,112.0,112.0,112.0,112.0,-142.0,False,128.0,13.0,41736.0,468.0,188.0,24708.0,419.0,71.0
237,uniform,outputs/agents_2/items_7/gpt4o/persona_based0/output_237.txt,0.0,-15.0,0.0,-15.0,0.0,-126.0,0.0,-126.0,0.0,-15.0,0.0,-141.0,True,128.0,19.0,42408.0,432.0,193.0,34416.0,383.0,144.0
238,uniform,outputs/agents_2/items_7/gpt4o/persona_based0/output_238.txt,0.0,-101.0,0.0,-101.0,0.0,-90.0,0.0,-90.0,0.0,-90.0,0.0,-191.0,True,128.0,17.0,40766.0,405.0,187.0,40766.0,405.0,187.0
239,uniform,outputs/agents_2/items_7/gpt4o/persona_based0/output_239.txt,0.0,-147.0,0.0,-147.0,0.0,-215.0,0.0,-215.0,0.0,-147.0,0.0,-362.0,True,128.0,24.0,74778.0,582.0,236.0,74778.0,569.0,206.0
240,uniform,outputs/agents_2/items_7/gpt4o/persona_based0/output_240.txt,44.0,44.0,44.0,44.0,0.0,-108.0,0.0,-108.0,44.0,44.0,44.0,-64.0,False,128.0,12.0,33948.0,419.0,174.0,30276.0,348.0,174.0
241,uniform,outputs/agents_2/items_7/gpt4o/persona_based0/output_241.txt,0.0,-83.0,0.0,-83.0,0.0,-162.0,0.0,-162.0,0.0,-83.0,0.0,-245.0,True,128.0,8.0,88908.0,611.0,285.0,87495.0,592.0,285.0
242,uniform,outputs/agents_2/items_7/gpt4o/persona_based0/output_242.txt,0.0,-108.0,0.0,-108.0,8.0,8.0,8.0,8.0,8.0,8.0,8.0,-100.0,False,128.0,13.0,33109.0,466.0,161.0,26117.0,378.0,91.0
243,uniform,outputs/agents_2/items_7/gpt4o/persona_based0/output_243.txt,14.0,14.0,14.0,14.0,0.0,-102.0,0.0,-102.0,14.0,14.0,14.0,-88.0,False,128.0,13.0,31243.0,390.0,160.0,23232.0,338.0,96.0
244,uniform,outputs/agents_2/items_7/gpt4o/persona_based0/output_244.txt,0.0,-27.0,0.0,-27.0,0.0,-95.0,0.0,-95.0,0.0,-27.0,0.0,-122.0,True,128.0,18.0,25905.0,330.0,158.0,23850.0,309.0,150.0
245,uniform,outputs/agents_2/items_7/gpt4o/persona_based0/output_245.txt,0.0,-130.0,0.0,-130.0,0.0,-41.0,0.0,-41.0,0.0,-41.0,0.0,-171.0,True,128.0,13.0,48732.0,549.0,196.0,46866.0,467.0,146.0
246,uniform,outputs/agents_2/items_7/gpt4o/persona_based0/output_246.txt,0.0,-60.0,0.0,-60.0,0.0,-107.0,0.0,-107.0,0.0,-60.0,0.0,-167.0,True,128.0,12.0,53133.0,471.0,213.0,50907.0,452.0,213.0
247,uniform,outputs/agents_2/items_7/gpt4o/persona_based0/output_247.txt,0.0,-187.0,0.0,-187.0,9.0,9.0,9.0,9.0,9.0,9.0,9.0,-178.0,False,128.0,13.0,43212.0,433.0,206.0,43212.0,433.0,156.0
248,uniform,outputs/agents_2/items_7/gpt4o/persona_based0/output_248.txt,0.0,-95.0,0.0,-95.0,0.0,-141.0,0.0,-141.0,0.0,-95.0,0.0,-236.0,True,128.0,12.0,49896.0,472.0,190.0,49896.0,465.0,168.0
249,uniform,outputs/agents_2/items_7/gpt4o/persona_based0/output_249.txt,0.0,-64.0,0.0,-64.0,4.0,4.0,4.0,4.0,4.0,4.0,4.0,-60.0,False,128.0,3.0,31980.0,363.0,161.0,24054.0,325.0,114.0
250,uniform,outputs/agents_2/items_7/gpt4o/persona_based0/output_250.txt,0.0,-105.0,0.0,-105.0,0.0,-201.0,0.0,-201.0,0.0,-105.0,0.0,-306.0,True,128.0,20.0,63196.0,503.0,244.0,60496.0,503.0,199.0
251,uniform,outputs/agents_2/items_7/gpt4o/persona_based0/output_251.txt,0.0,-53.0,0.0,-53.0,0.0,-137.0,0.0,-137.0,0.0,-53.0,0.0,-190.0,True,128.0,11.0,61620.0,497.0,237.0,61620.0,497.0,237.0
252,uniform,outputs/agents_2/items_7/gpt4o/persona_based0/output_252.txt,0.0,-180.0,0.0,-180.0,0.0,-34.0,0.0,-34.0,0.0,-34.0,0.0,-214.0,True,128.0,18.0,47443.0,436.0,209.0,44322.0,427.0,178.0
253,uniform,outputs/agents_2/items_7/gpt4o/persona_based0/output_253.txt,0.0,-122.0,0.0,-122.0,0.0,-138.0,0.0,-138.0,0.0,-122.0,0.0,-260.0,True,128.0,24.0,34161.0,370.0,178.0,34161.0,370.0,177.0
254,uniform,outputs/agents_2/items_7/gpt4o/persona_based0/output_254.txt,0.0,-6.0,0.0,-6.0,0.0,-251.0,0.0,-251.0,0.0,-6.0,0.0,-257.0,True,128.0,16.0,49042.0,457.0,217.0,48430.0,457.0,167.0
255,uniform,outputs/agents_2/items_7/gpt4o/persona_based0/output_255.txt,0.0,-90.0,0.0,-90.0,0.0,-182.0,0.0,-182.0,0.0,-90.0,0.0,-272.0,True,128.0,20.0,54390.0,468.0,222.0,52208.0,459.0,208.0
256,uniform,outputs/agents_2/items_7/gpt4o/persona_based0/output_256.txt,145.0,145.0,145.0,145.0,0.0,-166.0,0.0,-166.0,145.0,145.0,145.0,-21.0,False,128.0,15.0,57722.0,502.0,238.0,29140.0,404.0,94.0
257,uniform,outputs/agents_2/items_7/gpt4o/persona_based0/output_257.txt,45.0,45.0,45.0,45.0,0.0,-69.0,0.0,-69.0,45.0,45.0,45.0,-24.0,False,128.0,10.0,40994.0,413.0,199.0,31710.0,361.0,151.0
258,uniform,outputs/agents_2/items_7/gpt4o/persona_based0/output_258.txt,0.0,-201.0,0.0,-201.0,0.0,-49.0,0.0,-49.0,0.0,-49.0,0.0,-250.0,True,128.0,14.0,73502.0,543.0,257.0,73502.0,543.0,257.0
259,uniform,outputs/agents_2/items_7/gpt4o/persona_based0/output_259.txt,0.0,-152.0,0.0,-152.0,3.0,3.0,3.0,3.0,3.0,3.0,3.0,-149.0,False,128.0,18.0,47616.0,449.0,196.0,38915.0,396.0,181.0
260,uniform,outputs/agents_2/items_7/gpt4o/persona_based0/output_260.txt,0.0,-122.0,0.0,-122.0,0.0,-39.0,0.0,-39.0,0.0,-39.0,0.0,-161.0,True,128.0,20.0,44352.0,450.0,201.0,38064.0,400.0,156.0
261,uniform,outputs/agents_2/items_7/gpt4o/persona_based0/output_261.txt,17.0,17.0,17.0,17.0,0.0,-269.0,0.0,-269.0,17.0,17.0,17.0,-252.0,False,128.0,11.0,68736.0,550.0,253.0,68736.0,550.0,192.0
262,uniform,outputs/agents_2/items_7/gpt4o/persona_based0/output_262.txt,0.0,-115.0,0.0,-115.0,0.0,-123.0,0.0,-123.0,0.0,-115.0,0.0,-238.0,True,128.0,12.0,58729.0,494.0,234.0,58729.0,490.0,209.0
263,uniform,outputs/agents_2/items_7/gpt4o/persona_based0/output_263.txt,0.0,-406.0,0.0,-406.0,164.0,164.0,164.0,164.0,164.0,164.0,164.0,-242.0,False,128.0,7.0,33677.0,494.0,155.0,2250.0,455.0,5.0
264,uniform,outputs/agents_2/items_7/gpt4o/persona_based0/output_264.txt,0.0,-47.0,0.0,-47.0,0.0,-40.0,0.0,-40.0,0.0,-40.0,0.0,-87.0,True,128.0,21.0,52890.0,461.0,219.0,33900.0,376.0,150.0
265,uniform,outputs/agents_2/items_7/gpt4o/persona_based0/output_265.txt,0.0,-249.0,0.0,-249.0,26.0,26.0,26.0,26.0,26.0,26.0,26.0,-223.0,False,128.0,13.0,83634.0,589.0,287.0,82174.0,589.0,227.0
266,uniform,outputs/agents_2/items_7/gpt4o/persona_based0/output_266.txt,57.0,57.0,57.0,57.0,0.0,-122.0,0.0,-122.0,57.0,57.0,57.0,-65.0,False,128.0,6.0,58368.0,493.0,234.0,56240.0,486.0,190.0
267,uniform,outputs/agents_2/items_7/gpt4o/persona_based0/output_267.txt,0.0,-234.0,0.0,-234.0,0.0,-15.0,0.0,-15.0,0.0,-15.0,0.0,-249.0,True,128.0,22.0,37820.0,424.0,169.0,30199.0,400.0,101.0
268,uniform,outputs/agents_2/items_7/gpt4o/persona_based0/output_268.txt,0.0,-199.0,0.0,-199.0,0.0,-62.0,0.0,-62.0,0.0,-62.0,0.0,-261.0,True,128.0,26.0,46035.0,477.0,192.0,45747.0,452.0,153.0
269,uniform,outputs/agents_2/items_7/gpt4o/persona_based0/output_269.txt,0.0,-70.0,0.0,-70.0,0.0,-156.0,0.0,-156.0,0.0,-70.0,0.0,-226.0,True,128.0,17.0,45325.0,430.0,197.0,43788.0,424.0,178.0
270,uniform,outputs/agents_2/items_7/gpt4o/persona_based0/output_270.txt,0.0,-112.0,0.0,-112.0,0.0,-54.0,0.0,-54.0,0.0,-54.0,0.0,-166.0,True,128.0,16.0,33096.0,369.0,177.0,30888.0,354.0,156.0
271,uniform,outputs/agents_2/items_7/gpt4o/persona_based0/output_271.txt,0.0,-124.0,0.0,-124.0,0.0,-130.0,0.0,-130.0,0.0,-124.0,0.0,-254.0,True,128.0,18.0,58208.0,492.0,229.0,56334.0,475.0,229.0
272,uniform,outputs/agents_2/items_7/gpt4o/persona_based0/output_272.txt,0.0,0.0,0.0,0.0,0.0,-182.0,0.0,-182.0,0.0,0.0,0.0,-182.0,True,128.0,14.0,65195.0,535.0,235.0,61246.0,497.0,226.0
273,uniform,outputs/agents_2/items_7/gpt4o/persona_based0/output_273.txt,0.0,-113.0,0.0,-113.0,0.0,-33.0,0.0,-33.0,0.0,-33.0,0.0,-146.0,True,128.0,14.0,49588.0,508.0,205.0,41952.0,428.0,152.0
274,uniform,outputs/agents_2/items_7/gpt4o/persona_based0/output_274.txt,20.0,20.0,20.0,20.0,0.0,-22.0,0.0,-22.0,20.0,20.0,20.0,-2.0,False,128.0,4.0,52337.0,462.0,209.0,38025.0,390.0,195.0
275,uniform,outputs/agents_2/items_7/gpt4o/persona_based0/output_275.txt,0.0,-28.0,0.0,-28.0,0.0,-200.0,0.0,-200.0,0.0,-28.0,0.0,-228.0,True,128.0,16.0,69158.0,531.0,234.0,69158.0,531.0,229.0
276,uniform,outputs/agents_2/items_7/gpt4o/persona_based0/output_276.txt,0.0,-305.0,0.0,-305.0,215.0,215.0,215.0,215.0,215.0,215.0,215.0,-90.0,False,128.0,5.0,67568.0,540.0,259.0,50099.0,540.0,119.0
277,uniform,outputs/agents_2/items_7/gpt4o/persona_based0/output_277.txt,0.0,-97.0,0.0,-97.0,0.0,-130.0,0.0,-130.0,0.0,-97.0,0.0,-227.0,True,128.0,22.0,56406.0,478.0,237.0,55806.0,475.0,213.0
278,uniform,outputs/agents_2/items_7/gpt4o/persona_based0/output_278.txt,0.0,-48.0,0.0,-48.0,0.0,-99.0,0.0,-99.0,0.0,-48.0,0.0,-147.0,True,128.0,13.0,43537.0,428.0,198.0,43537.0,418.0,197.0
279,uniform,outputs/agents_2/items_7/gpt4o/persona_based0/output_279.txt,0.0,-2.0,0.0,-2.0,0.0,-120.0,0.0,-120.0,0.0,-2.0,0.0,-122.0,True,128.0,11.0,64468.0,520.0,232.0,51958.0,479.0,166.0
280,uniform,outputs/agents_2/items_7/gpt4o/persona_based0/output_280.txt,0.0,-73.0,0.0,-73.0,0.0,-155.0,0.0,-155.0,0.0,-73.0,0.0,-228.0,True,128.0,14.0,58362.0,487.0,226.0,57024.0,480.0,216.0
281,uniform,outputs/agents_2/items_7/gpt4o/persona_based0/output_281.txt,0.0,-185.0,0.0,-185.0,0.0,-44.0,0.0,-44.0,0.0,-44.0,0.0,-229.0,True,128.0,14.0,52731.0,468.0,203.0,52731.0,468.0,189.0
282,uniform,outputs/agents_2/items_7/gpt4o/persona_based0/output_282.txt,0.0,-182.0,0.0,-182.0,0.0,-35.0,0.0,-35.0,0.0,-35.0,0.0,-217.0,True,128.0,25.0,48900.0,476.0,183.0,34686.0,405.0,123.0
283,uniform,outputs/agents_2/items_7/gpt4o/persona_based0/output_283.txt,0.0,-241.0,0.0,-241.0,96.0,96.0,96.0,96.0,96.0,96.0,96.0,-145.0,False,128.0,9.0,36408.0,412.0,184.0,25584.0,394.0,82.0
284,uniform,outputs/agents_2/items_7/gpt4o/persona_based0/output_284.txt,0.0,-150.0,0.0,-150.0,0.0,-58.0,0.0,-58.0,0.0,-58.0,0.0,-208.0,True,128.0,15.0,82550.0,579.0,254.0,76260.0,556.0,246.0
285,uniform,outputs/agents_2/items_7/gpt4o/persona_based0/output_285.txt,29.0,29.0,29.0,29.0,0.0,-261.0,0.0,-261.0,29.0,29.0,29.0,-232.0,False,128.0,18.0,53535.0,469.0,219.0,51330.0,469.0,174.0
286,uniform,outputs/agents_2/items_7/gpt4o/persona_based0/output_286.txt,0.0,-5.0,0.0,-5.0,0.0,-218.0,0.0,-218.0,0.0,-5.0,0.0,-223.0,True,128.0,13.0,60024.0,490.0,244.0,53607.0,488.0,167.0
287,uniform,outputs/agents_2/items_7/gpt4o/persona_based0/output_287.txt,0.0,-29.0,0.0,-29.0,0.0,-92.0,0.0,-92.0,0.0,-29.0,0.0,-121.0,True,128.0,18.0,45353.0,433.0,209.0,31152.0,368.0,132.0
288,uniform,outputs/agents_2/items_7/gpt4o/persona_based0/output_288.txt,0.0,-107.0,0.0,-107.0,0.0,-66.0,0.0,-66.0,0.0,-66.0,0.0,-173.0,True,128.0,8.0,57085.0,478.0,233.0,57085.0,478.0,233.0
289,uniform,outputs/agents_2/items_7/gpt4o/persona_based0/output_289.txt,35.0,35.0,35.0,35.0,0.0,-67.0,0.0,-67.0,35.0,35.0,35.0,-32.0,False,128.0,11.0,45312.0,433.0,205.0,33227.0,372.0,149.0
290,uniform,outputs/agents_2/items_7/gpt4o/persona_based0/output_290.txt,0.0,-100.0,0.0,-100.0,0.0,-90.0,0.0,-90.0,0.0,-90.0,0.0,-190.0,True,128.0,13.0,56750.0,481.0,228.0,56750.0,477.0,227.0
291,uniform,outputs/agents_2/items_7/gpt4o/persona_based0/output_291.txt,0.0,-109.0,0.0,-109.0,0.0,-103.0,0.0,-103.0,0.0,-103.0,0.0,-212.0,True,128.0,10.0,70406.0,571.0,249.0,70406.0,543.0,214.0
292,uniform,outputs/agents_2/items_7/gpt4o/persona_based0/output_292.txt,113.0,113.0,113.0,113.0,0.0,-177.0,0.0,-177.0,113.0,113.0,113.0,-64.0,False,128.0,6.0,36500.0,411.0,185.0,20880.0,362.0,72.0
293,uniform,outputs/agents_2/items_7/gpt4o/persona_based0/output_293.txt,101.0,101.0,101.0,101.0,0.0,-370.0,0.0,-370.0,101.0,101.0,101.0,-269.0,False,128.0,18.0,46964.0,474.0,202.0,30338.0,471.0,77.0
294,uniform,outputs/agents_2/items_7/gpt4o/persona_based0/output_294.txt,0.0,-154.0,0.0,-154.0,31.0,31.0,31.0,31.0,31.0,31.0,31.0,-123.0,False,128.0,10.0,34364.0,453.0,175.0,31137.0,398.0,107.0
295,uniform,outputs/agents_2/items_7/gpt4o/persona_based0/output_295.txt,0.0,-144.0,0.0,-144.0,0.0,-110.0,0.0,-110.0,0.0,-110.0,0.0,-254.0,True,128.0,18.0,43183.0,416.0,205.0,43183.0,416.0,199.0
296,uniform,outputs/agents_2/items_7/gpt4o/persona_based0/output_296.txt,2.0,2.0,2.0,2.0,0.0,-119.0,0.0,-119.0,2.0,2.0,2.0,-117.0,False,128.0,16.0,45126.0,425.0,207.0,39825.0,402.0,177.0
297,uniform,outputs/agents_2/items_7/gpt4o/persona_based0/output_297.txt,2.0,2.0,2.0,2.0,0.0,-65.0,0.0,-65.0,2.0,2.0,2.0,-63.0,False,128.0,11.0,32178.0,388.0,173.0,26216.0,342.0,116.0
298,uniform,outputs/agents_2/items_7/gpt4o/persona_based0/output_298.txt,0.0,-162.0,0.0,-162.0,17.0,17.0,17.0,17.0,17.0,17.0,17.0,-145.0,False,128.0,13.0,27060.0,335.0,164.0,26164.0,335.0,124.0
299,uniform,outputs/agents_2/items_7/gpt4o/persona_based0/output_299.txt,0.0,-206.0,0.0,-206.0,0.0,-89.0,0.0,-89.0,0.0,-89.0,0.0,-295.0,True,128.0,25.0,42136.0,423.0,186.0,41426.0,423.0,154.0
300,uniform,outputs/agents_2/items_7/gpt4o/persona_based0/output_300.txt,41.0,41.0,41.0,41.0,0.0,-99.0,0.0,-99.0,41.0,41.0,41.0,-58.0,False,128.0,8.0,36036.0,384.0,182.0,27126.0,335.0,137.0
301,uniform,outputs/agents_2/items_7/gpt4o/persona_based0/output_301.txt,0.0,-97.0,0.0,-97.0,0.0,-94.0,0.0,-94.0,0.0,-94.0,0.0,-191.0,True,128.0,14.0,64680.0,557.0,242.0,60956.0,507.0,196.0
302,uniform,outputs/agents_2/items_7/gpt4o/persona_based0/output_302.txt,0.0,-115.0,0.0,-115.0,0.0,-126.0,0.0,-126.0,0.0,-115.0,0.0,-241.0,True,128.0,18.0,51600.0,455.0,217.0,49476.0,445.0,217.0
303,uniform,outputs/agents_2/items_7/gpt4o/persona_based0/output_303.txt,0.0,-186.0,0.0,-186.0,0.0,-28.0,0.0,-28.0,0.0,-28.0,0.0,-214.0,True,128.0,11.0,65824.0,586.0,227.0,60697.0,538.0,161.0
304,uniform,outputs/agents_2/items_7/gpt4o/persona_based0/output_304.txt,0.0,-158.0,0.0,-158.0,0.0,-14.0,0.0,-14.0,0.0,-14.0,0.0,-172.0,True,128.0,13.0,64750.0,512.0,250.0,53070.0,473.0,183.0
305,uniform,outputs/agents_2/items_7/gpt4o/persona_based0/output_305.txt,0.0,-129.0,0.0,-129.0,0.0,-106.0,0.0,-106.0,0.0,-106.0,0.0,-235.0,True,128.0,15.0,59318.0,489.0,228.0,59318.0,489.0,223.0
306,uniform,outputs/agents_2/items_7/gpt4o/persona_based0/output_306.txt,0.0,-366.0,0.0,-366.0,44.0,44.0,44.0,44.0,44.0,44.0,44.0,-322.0,False,128.0,24.0,49077.0,475.0,196.0,38316.0,475.0,103.0
307,uniform,outputs/agents_2/items_7/gpt4o/persona_based0/output_307.txt,0.0,-41.0,0.0,-41.0,0.0,-165.0,0.0,-165.0,0.0,-41.0,0.0,-206.0,True,128.0,16.0,44377.0,422.0,199.0,44377.0,422.0,199.0
308,uniform,outputs/agents_2/items_7/gpt4o/persona_based0/output_308.txt,0.0,-30.0,0.0,-30.0,0.0,-114.0,0.0,-114.0,0.0,-30.0,0.0,-144.0,True,128.0,16.0,44226.0,445.0,191.0,34155.0,388.0,135.0
309,uniform,outputs/agents_2/items_7/gpt4o/persona_based0/output_309.txt,0.0,-232.0,0.0,-232.0,0.0,-25.0,0.0,-25.0,0.0,-25.0,0.0,-257.0,True,128.0,12.0,51072.0,488.0,196.0,51072.0,488.0,152.0
310,uniform,outputs/agents_2/items_7/gpt4o/persona_based0/output_310.txt,0.0,-91.0,0.0,-91.0,0.0,-196.0,0.0,-196.0,0.0,-91.0,0.0,-287.0,True,128.0,16.0,62480.0,511.0,228.0,62480.0,504.0,220.0
311,uniform,outputs/agents_2/items_7/gpt4o/persona_based0/output_311.txt,0.0,-123.0,0.0,-123.0,4.0,4.0,4.0,4.0,4.0,4.0,4.0,-119.0,False,128.0,7.0,46320.0,433.0,204.0,46320.0,433.0,193.0
312,uniform,outputs/agents_2/items_7/gpt4o/persona_based0/output_312.txt,0.0,-145.0,0.0,-145.0,0.0,-55.0,0.0,-55.0,0.0,-55.0,0.0,-200.0,True,128.0,11.0,58082.0,495.0,226.0,55622.0,477.0,203.0
313,uniform,outputs/agents_2/items_7/gpt4o/persona_based0/output_313.txt,0.0,-28.0,0.0,-28.0,0.0,-185.0,0.0,-185.0,0.0,-28.0,0.0,-213.0,True,128.0,23.0,41652.0,429.0,189.0,38425.0,410.0,145.0
314,uniform,outputs/agents_2/items_7/gpt4o/persona_based0/output_314.txt,28.0,28.0,28.0,28.0,0.0,-219.0,0.0,-219.0,28.0,28.0,28.0,-191.0,False,128.0,13.0,69388.0,550.0,235.0,53132.0,507.0,148.0
315,uniform,outputs/agents_2/items_7/gpt4o/persona_based0/output_315.txt,0.0,-44.0,0.0,-44.0,0.0,-194.0,0.0,-194.0,0.0,-44.0,0.0,-238.0,True,128.0,18.0,52716.0,467.0,214.0,52716.0,467.0,191.0
316,uniform,outputs/agents_2/items_7/gpt4o/persona_based0/output_316.txt,0.0,-175.0,0.0,-175.0,0.0,-34.0,0.0,-34.0,0.0,-34.0,0.0,-209.0,True,128.0,14.0,52576.0,460.0,212.0,52576.0,460.0,212.0
317,uniform,outputs/agents_2/items_7/gpt4o/persona_based0/output_317.txt,0.0,-69.0,0.0,-69.0,0.0,-166.0,0.0,-166.0,0.0,-69.0,0.0,-235.0,True,128.0,15.0,49707.0,474.0,216.0,49707.0,452.0,189.0
318,uniform,outputs/agents_2/items_7/gpt4o/persona_based0/output_318.txt,62.0,62.0,62.0,62.0,0.0,-149.0,0.0,-149.0,62.0,62.0,62.0,-87.0,False,128.0,8.0,32396.0,361.0,178.0,30228.0,361.0,132.0
319,uniform,outputs/agents_2/items_7/gpt4o/persona_based0/output_319.txt,88.0,88.0,88.0,88.0,0.0,-391.0,0.0,-391.0,88.0,88.0,88.0,-303.0,False,128.0,16.0,64176.0,535.0,241.0,50964.0,535.0,124.0
320,uniform,outputs/agents_2/items_7/gpt4o/persona_based0/output_320.txt,0.0,-55.0,0.0,-55.0,0.0,-150.0,0.0,-150.0,0.0,-55.0,0.0,-205.0,True,128.0,21.0,44954.0,435.0,201.0,41067.0,412.0,169.0
321,uniform,outputs/agents_2/items_7/gpt4o/persona_based0/output_321.txt,0.0,-220.0,0.0,-220.0,0.0,-28.0,0.0,-28.0,0.0,-28.0,0.0,-248.0,True,128.0,23.0,37920.0,437.0,178.0,37504.0,421.0,128.0
322,uniform,outputs/agents_2/items_7/gpt4o/persona_based0/output_322.txt,0.0,-64.0,0.0,-64.0,0.0,-139.0,0.0,-139.0,0.0,-64.0,0.0,-203.0,True,128.0,13.0,52140.0,459.0,221.0,51935.0,456.0,221.0
323,uniform,outputs/agents_2/items_7/gpt4o/persona_based0/output_323.txt,94.0,94.0,94.0,94.0,0.0,-121.0,0.0,-121.0,94.0,94.0,94.0,-27.0,False,128.0,18.0,46155.0,436.0,208.0,22100.0,321.0,100.0
324,uniform,outputs/agents_2/items_7/gpt4o/persona_based0/output_324.txt,0.0,-137.0,0.0,-137.0,0.0,-72.0,0.0,-72.0,0.0,-72.0,0.0,-209.0,True,128.0,19.0,27360.0,332.0,152.0,27360.0,332.0,152.0
325,uniform,outputs/agents_2/items_7/gpt4o/persona_based0/output_325.txt,0.0,-182.0,0.0,-182.0,0.0,-72.0,0.0,-72.0,0.0,-72.0,0.0,-254.0,True,128.0,13.0,56291.0,492.0,221.0,56291.0,492.0,181.0
326,uniform,outputs/agents_2/items_7/gpt4o/persona_based0/output_326.txt,0.0,-370.0,0.0,-370.0,198.0,198.0,198.0,198.0,198.0,198.0,198.0,-172.0,False,128.0,8.0,50700.0,480.0,200.0,23940.0,477.0,57.0
327,uniform,outputs/agents_2/items_7/gpt4o/persona_based0/output_327.txt,0.0,-297.0,0.0,-297.0,36.0,36.0,36.0,36.0,36.0,36.0,36.0,-261.0,False,128.0,17.0,33488.0,433.0,160.0,29842.0,433.0,86.0
328,uniform,outputs/agents_2/items_7/gpt4o/persona_based0/output_328.txt,0.0,-77.0,0.0,-77.0,0.0,-143.0,0.0,-143.0,0.0,-77.0,0.0,-220.0,True,128.0,9.0,77861.0,570.0,267.0,77861.0,570.0,227.0
329,uniform,outputs/agents_2/items_7/gpt4o/persona_based0/output_329.txt,50.0,50.0,50.0,50.0,0.0,-226.0,0.0,-226.0,50.0,50.0,50.0,-176.0,False,128.0,8.0,60609.0,505.0,227.0,52836.0,505.0,148.0
330,uniform,outputs/agents_2/items_7/gpt4o/persona_based0/output_330.txt,0.0,-158.0,0.0,-158.0,12.0,12.0,12.0,12.0,12.0,12.0,12.0,-146.0,False,128.0,9.0,47424.0,442.0,208.0,46240.0,442.0,170.0
331,uniform,outputs/agents_2/items_7/gpt4o/persona_based0/output_331.txt,0.0,-196.0,0.0,-196.0,0.0,-152.0,0.0,-152.0,0.0,-152.0,0.0,-348.0,True,128.0,25.0,56056.0,482.0,209.0,56056.0,482.0,196.0
332,uniform,outputs/agents_2/items_7/gpt4o/persona_based0/output_332.txt,0.0,-18.0,0.0,-18.0,0.0,-105.0,0.0,-105.0,0.0,-18.0,0.0,-123.0,True,128.0,18.0,23100.0,318.0,143.0,20140.0,296.0,106.0
333,uniform,outputs/agents_2/items_7/gpt4o/persona_based0/output_333.txt,8.0,8.0,8.0,8.0,0.0,-126.0,0.0,-126.0,8.0,8.0,8.0,-118.0,False,128.0,17.0,33908.0,369.0,173.0,28310.0,339.0,149.0
334,uniform,outputs/agents_2/items_7/gpt4o/persona_based0/output_334.txt,0.0,-35.0,0.0,-35.0,0.0,-135.0,0.0,-135.0,0.0,-35.0,0.0,-170.0,True,128.0,15.0,46284.0,467.0,203.0,44536.0,445.0,152.0
335,uniform,outputs/agents_2/items_7/gpt4o/persona_based0/output_335.txt,0.0,-133.0,0.0,-133.0,0.0,-94.0,0.0,-94.0,0.0,-94.0,0.0,-227.0,True,128.0,16.0,56544.0,476.0,228.0,56544.0,476.0,228.0
336,uniform,outputs/agents_2/items_7/gpt4o/persona_based0/output_336.txt,0.0,-99.0,0.0,-99.0,0.0,-173.0,0.0,-173.0,0.0,-99.0,0.0,-272.0,True,128.0,19.0,56304.0,479.0,224.0,56304.0,479.0,207.0
337,uniform,outputs/agents_2/items_7/gpt4o/persona_based0/output_337.txt,0.0,-139.0,0.0,-139.0,0.0,-188.0,0.0,-188.0,0.0,-139.0,0.0,-327.0,True,128.0,18.0,56875.0,500.0,195.0,56875.0,500.0,175.0
338,uniform,outputs/agents_2/items_7/gpt4o/persona_based0/output_338.txt,0.0,-189.0,0.0,-189.0,0.0,-43.0,0.0,-43.0,0.0,-43.0,0.0,-232.0,True,128.0,16.0,56134.0,475.0,221.0,54901.0,470.0,217.0
339,uniform,outputs/agents_2/items_7/gpt4o/persona_based0/output_339.txt,0.0,-301.0,0.0,-301.0,0.0,-11.0,0.0,-11.0,0.0,-11.0,0.0,-312.0,True,128.0,16.0,61455.0,520.0,241.0,61359.0,520.0,181.0
340,uniform,outputs/agents_2/items_7/gpt4o/persona_based0/output_340.txt,11.0,11.0,11.0,11.0,0.0,-19.0,0.0,-19.0,11.0,11.0,11.0,-8.0,False,128.0,17.0,51765.0,476.0,208.0,28222.0,343.0,137.0
341,uniform,outputs/agents_2/items_7/gpt4o/persona_based0/output_341.txt,106.0,106.0,106.0,106.0,0.0,-223.0,0.0,-223.0,106.0,106.0,106.0,-117.0,False,128.0,17.0,28520.0,354.0,149.0,13600.0,322.0,50.0
342,uniform,outputs/agents_2/items_7/gpt4o/persona_based0/output_342.txt,0.0,-120.0,0.0,-120.0,0.0,-72.0,0.0,-72.0,0.0,-72.0,0.0,-192.0,True,128.0,13.0,50372.0,460.0,215.0,50372.0,453.0,196.0
343,uniform,outputs/agents_2/items_7/gpt4o/persona_based0/output_343.txt,0.0,-93.0,0.0,-93.0,0.0,-47.0,0.0,-47.0,0.0,-47.0,0.0,-140.0,True,128.0,14.0,16393.0,266.0,112.0,14280.0,241.0,105.0
344,uniform,outputs/agents_2/items_7/gpt4o/persona_based0/output_344.txt,0.0,-19.0,0.0,-19.0,0.0,-81.0,0.0,-81.0,0.0,-19.0,0.0,-100.0,True,128.0,18.0,37430.0,388.0,190.0,26622.0,327.0,153.0
345,uniform,outputs/agents_2/items_7/gpt4o/persona_based0/output_345.txt,0.0,-158.0,0.0,-158.0,0.0,-137.0,0.0,-137.0,0.0,-137.0,0.0,-295.0,True,128.0,22.0,48923.0,444.0,204.0,48923.0,444.0,203.0
346,uniform,outputs/agents_2/items_7/gpt4o/persona_based0/output_346.txt,0.0,-89.0,0.0,-89.0,0.0,-110.0,0.0,-110.0,0.0,-89.0,0.0,-199.0,True,128.0,12.0,65070.0,511.0,241.0,65070.0,511.0,241.0
347,uniform,outputs/agents_2/items_7/gpt4o/persona_based0/output_347.txt,0.0,-174.0,0.0,-174.0,0.0,-41.0,0.0,-41.0,0.0,-41.0,0.0,-215.0,True,128.0,17.0,46632.0,433.0,209.0,46632.0,433.0,201.0
348,uniform,outputs/agents_2/items_7/gpt4o/persona_based0/output_348.txt,0.0,-13.0,0.0,-13.0,0.0,-276.0,0.0,-276.0,0.0,-13.0,0.0,-289.0,True,128.0,27.0,29610.0,480.0,128.0,26196.0,428.0,74.0
349,uniform,outputs/agents_2/items_7/gpt4o/persona_based0/output_349.txt,0.0,-136.0,0.0,-136.0,0.0,-114.0,0.0,-114.0,0.0,-114.0,0.0,-250.0,True,128.0,15.0,61632.0,502.0,226.0,61632.0,502.0,214.0
350,uniform,outputs/agents_2/items_7/gpt4o/persona_based0/output_350.txt,0.0,-79.0,0.0,-79.0,0.0,-177.0,0.0,-177.0,0.0,-79.0,0.0,-256.0,True,128.0,13.0,50403.0,492.0,201.0,50403.0,476.0,159.0
351,uniform,outputs/agents_2/items_7/gpt4o/persona_based0/output_351.txt,0.0,-21.0,0.0,-21.0,0.0,-17.0,0.0,-17.0,0.0,-17.0,0.0,-38.0,True,128.0,17.0,41652.0,412.0,197.0,23375.0,312.0,125.0
352,uniform,outputs/agents_2/items_7/gpt4o/persona_based0/output_352.txt,0.0,-106.0,0.0,-106.0,0.0,-144.0,0.0,-144.0,0.0,-106.0,0.0,-250.0,True,128.0,16.0,60928.0,496.0,230.0,60928.0,496.0,224.0
353,uniform,outputs/agents_2/items_7/gpt4o/persona_based0/output_353.txt,0.0,-17.0,0.0,-17.0,0.0,-110.0,0.0,-110.0,0.0,-17.0,0.0,-127.0,True,128.0,9.0,35321.0,387.0,171.0,35186.0,387.0,146.0
354,uniform,outputs/agents_2/items_7/gpt4o/persona_based0/output_354.txt,0.0,-207.0,0.0,-207.0,0.0,-38.0,0.0,-38.0,0.0,-38.0,0.0,-245.0,True,128.0,21.0,41976.0,423.0,186.0,41976.0,423.0,159.0
355,uniform,outputs/agents_2/items_7/gpt4o/persona_based0/output_355.txt,0.0,-227.0,0.0,-227.0,81.0,81.0,81.0,81.0,81.0,81.0,81.0,-146.0,False,128.0,8.0,49910.0,451.0,217.0,44844.0,451.0,148.0
356,uniform,outputs/agents_2/items_7/gpt4o/persona_based0/output_356.txt,0.0,-83.0,0.0,-83.0,0.0,-154.0,0.0,-154.0,0.0,-83.0,0.0,-237.0,True,128.0,16.0,63933.0,523.0,238.0,63550.0,515.0,205.0
357,uniform,outputs/agents_2/items_7/gpt4o/persona_based0/output_357.txt,0.0,-99.0,0.0,-99.0,0.0,-77.0,0.0,-77.0,0.0,-77.0,0.0,-176.0,True,128.0,17.0,69296.0,555.0,253.0,62116.0,505.0,212.0
358,uniform,outputs/agents_2/items_7/gpt4o/persona_based0/output_358.txt,29.0,29.0,29.0,29.0,0.0,-124.0,0.0,-124.0,29.0,29.0,29.0,-95.0,False,128.0,14.0,36720.0,387.0,177.0,29638.0,349.0,146.0
359,uniform,outputs/agents_2/items_7/gpt4o/persona_based0/output_359.txt,0.0,-164.0,0.0,-164.0,0.0,-78.0,0.0,-78.0,0.0,-78.0,0.0,-242.0,True,128.0,19.0,59297.0,505.0,234.0,57536.0,480.0,232.0
360,uniform,outputs/agents_2/items_7/gpt4o/persona_based0/output_360.txt,0.0,-21.0,0.0,-21.0,0.0,-62.0,0.0,-62.0,0.0,-21.0,0.0,-83.0,True,128.0,10.0,54910.0,484.0,218.0,52138.0,461.0,199.0
361,uniform,outputs/agents_2/items_7/gpt4o/persona_based0/output_361.txt,0.0,-78.0,0.0,-78.0,0.0,-51.0,0.0,-51.0,0.0,-51.0,0.0,-129.0,True,128.0,8.0,37818.0,389.0,191.0,37818.0,389.0,191.0
362,uniform,outputs/agents_2/items_7/gpt4o/persona_based0/output_362.txt,0.0,-114.0,0.0,-114.0,25.0,25.0,25.0,25.0,25.0,25.0,25.0,-89.0,False,128.0,12.0,42921.0,461.0,195.0,39770.0,399.0,194.0
363,uniform,outputs/agents_2/items_7/gpt4o/persona_based0/output_363.txt,0.0,-88.0,0.0,-88.0,0.0,-150.0,0.0,-150.0,0.0,-88.0,0.0,-238.0,True,128.0,14.0,59696.0,495.0,231.0,59620.0,491.0,220.0
364,uniform,outputs/agents_2/items_7/gpt4o/persona_based0/output_364.txt,0.0,-45.0,0.0,-45.0,0.0,-98.0,0.0,-98.0,0.0,-45.0,0.0,-143.0,True,128.0,11.0,53502.0,488.0,222.0,52355.0,468.0,185.0
365,uniform,outputs/agents_2/items_7/gpt4o/persona_based0/output_365.txt,0.0,-104.0,0.0,-104.0,0.0,-92.0,0.0,-92.0,0.0,-92.0,0.0,-196.0,True,128.0,13.0,71760.0,539.0,254.0,71120.0,534.0,254.0
366,uniform,outputs/agents_2/items_7/gpt4o/persona_based0/output_366.txt,0.0,-104.0,0.0,-104.0,0.0,-130.0,0.0,-130.0,0.0,-104.0,0.0,-234.0,True,128.0,13.0,63516.0,505.0,239.0,63516.0,505.0,237.0
367,uniform,outputs/agents_2/items_7/gpt4o/persona_based0/output_367.txt,0.0,-103.0,0.0,-103.0,0.0,-74.0,0.0,-74.0,0.0,-74.0,0.0,-177.0,True,128.0,11.0,81280.0,576.0,282.0,81280.0,574.0,254.0
368,uniform,outputs/agents_2/items_7/gpt4o/persona_based0/output_368.txt,17.0,17.0,17.0,17.0,0.0,-203.0,0.0,-203.0,17.0,17.0,17.0,-186.0,False,128.0,13.0,38010.0,409.0,187.0,36850.0,409.0,134.0
369,uniform,outputs/agents_2/items_7/gpt4o/persona_based0/output_369.txt,0.0,-120.0,0.0,-120.0,30.0,30.0,30.0,30.0,30.0,30.0,30.0,-90.0,False,128.0,14.0,27068.0,348.0,159.0,20488.0,301.0,104.0
370,uniform,outputs/agents_2/items_7/gpt4o/persona_based0/output_370.txt,0.0,-143.0,0.0,-143.0,0.0,-43.0,0.0,-43.0,0.0,-43.0,0.0,-186.0,True,128.0,16.0,68598.0,542.0,258.0,66564.0,516.0,258.0
371,uniform,outputs/agents_2/items_7/gpt4o/persona_based0/output_371.txt,41.0,41.0,41.0,41.0,0.0,-27.0,0.0,-27.0,41.0,41.0,41.0,14.0,False,128.0,14.0,58636.0,488.0,227.0,38080.0,394.0,170.0
372,uniform,outputs/agents_2/items_7/gpt4o/persona_based0/output_372.txt,0.0,-176.0,0.0,-176.0,0.0,-38.0,0.0,-38.0,0.0,-38.0,0.0,-214.0,True,128.0,22.0,42742.0,462.0,166.0,34684.0,415.0,116.0
373,uniform,outputs/agents_2/items_7/gpt4o/persona_based0/output_373.txt,0.0,-79.0,0.0,-79.0,0.0,-48.0,0.0,-48.0,0.0,-48.0,0.0,-127.0,True,128.0,7.0,52360.0,471.0,222.0,49600.0,448.0,200.0
374,uniform,outputs/agents_2/items_7/gpt4o/persona_based0/output_374.txt,0.0,-121.0,0.0,-121.0,0.0,-208.0,0.0,-208.0,0.0,-121.0,0.0,-329.0,True,128.0,18.0,65835.0,533.0,241.0,65835.0,524.0,209.0
375,uniform,outputs/agents_2/items_7/gpt4o/persona_based0/output_375.txt,0.0,-122.0,0.0,-122.0,0.0,-91.0,0.0,-91.0,0.0,-91.0,0.0,-213.0,True,128.0,21.0,34645.0,381.0,173.0,33166.0,367.0,161.0
376,uniform,outputs/agents_2/items_7/gpt4o/persona_based0/output_376.txt,0.0,-57.0,0.0,-57.0,0.0,-143.0,0.0,-143.0,0.0,-57.0,0.0,-200.0,True,128.0,13.0,74970.0,551.0,249.0,74970.0,551.0,245.0
377,uniform,outputs/agents_2/items_7/gpt4o/persona_based0/output_377.txt,58.0,58.0,58.0,58.0,0.0,-245.0,0.0,-245.0,58.0,58.0,58.0,-187.0,False,128.0,18.0,59078.0,504.0,219.0,42672.0,463.0,127.0
378,uniform,outputs/agents_2/items_7/gpt4o/persona_based0/output_378.txt,0.0,-71.0,0.0,-71.0,0.0,-114.0,0.0,-114.0,0.0,-71.0,0.0,-185.0,True,128.0,20.0,29280.0,343.0,160.0,26250.0,325.0,150.0
379,uniform,outputs/agents_2/items_7/gpt4o/persona_based0/output_379.txt,0.0,-214.0,0.0,-214.0,0.0,-53.0,0.0,-53.0,0.0,-53.0,0.0,-267.0,True,128.0,15.0,54016.0,467.0,218.0,54016.0,467.0,211.0
380,uniform,outputs/agents_2/items_7/gpt4o/persona_based0/output_380.txt,0.0,-119.0,0.0,-119.0,0.0,-104.0,0.0,-104.0,0.0,-104.0,0.0,-223.0,True,128.0,19.0,36952.0,413.0,160.0,36952.0,397.0,149.0
381,uniform,outputs/agents_2/items_7/gpt4o/persona_based0/output_381.txt,0.0,-29.0,0.0,-29.0,0.0,-130.0,0.0,-130.0,0.0,-29.0,0.0,-159.0,True,128.0,16.0,46060.0,444.0,203.0,45360.0,442.0,162.0
382,uniform,outputs/agents_2/items_7/gpt4o/persona_based0/output_382.txt,0.0,-300.0,0.0,-300.0,50.0,50.0,50.0,50.0,50.0,50.0,50.0,-250.0,False,128.0,19.0,51947.0,472.0,212.0,41535.0,472.0,117.0
383,uniform,outputs/agents_2/items_7/gpt4o/persona_based0/output_383.txt,0.0,-240.0,0.0,-240.0,78.0,78.0,78.0,78.0,78.0,78.0,78.0,-162.0,False,128.0,8.0,59881.0,492.0,243.0,53627.0,492.0,163.0
384,uniform,outputs/agents_2/items_7/gpt4o/persona_based0/output_384.txt,0.0,-93.0,0.0,-93.0,0.0,-195.0,0.0,-195.0,0.0,-93.0,0.0,-288.0,True,128.0,22.0,79222.0,563.0,277.0,73080.0,541.0,261.0
385,uniform,outputs/agents_2/items_7/gpt4o/persona_based0/output_385.txt,0.0,-285.0,0.0,-285.0,0.0,-80.0,0.0,-80.0,0.0,-80.0,0.0,-365.0,True,128.0,22.0,63168.0,515.0,224.0,56604.0,515.0,159.0
386,uniform,outputs/agents_2/items_7/gpt4o/persona_based0/output_386.txt,7.0,7.0,7.0,7.0,0.0,-220.0,0.0,-220.0,7.0,7.0,7.0,-213.0,False,128.0,16.0,39396.0,418.0,185.0,34770.0,407.0,122.0
387,uniform,outputs/agents_2/items_7/gpt4o/persona_based0/output_387.txt,0.0,-30.0,0.0,-30.0,0.0,-11.0,0.0,-11.0,0.0,-11.0,0.0,-41.0,True,128.0,9.0,27825.0,335.0,159.0,21801.0,298.0,129.0
388,uniform,outputs/agents_2/items_7/gpt4o/persona_based0/output_388.txt,0.0,-213.0,0.0,-213.0,0.0,-19.0,0.0,-19.0,0.0,-19.0,0.0,-232.0,True,128.0,16.0,76440.0,560.0,255.0,75264.0,560.0,224.0
389,uniform,outputs/agents_2/items_7/gpt4o/persona_based0/output_389.txt,0.0,-6.0,0.0,-6.0,0.0,-145.0,0.0,-145.0,0.0,-6.0,0.0,-151.0,True,128.0,12.0,60078.0,528.0,233.0,52326.0,485.0,162.0
390,uniform,outputs/agents_2/items_7/gpt4o/persona_based0/output_390.txt,0.0,-86.0,0.0,-86.0,0.0,-53.0,0.0,-53.0,0.0,-53.0,0.0,-139.0,True,128.0,16.0,42240.0,424.0,193.0,38784.0,394.0,192.0
391,uniform,outputs/agents_2/items_7/gpt4o/persona_based0/output_391.txt,0.0,-78.0,0.0,-78.0,0.0,-188.0,0.0,-188.0,0.0,-78.0,0.0,-266.0,True,128.0,18.0,49894.0,449.0,209.0,49894.0,449.0,202.0
392,uniform,outputs/agents_2/items_7/gpt4o/persona_based0/output_392.txt,0.0,-170.0,0.0,-170.0,0.0,-112.0,0.0,-112.0,0.0,-112.0,0.0,-282.0,True,128.0,22.0,47564.0,478.0,201.0,45951.0,448.0,159.0
393,uniform,outputs/agents_2/items_7/gpt4o/persona_based0/output_393.txt,0.0,-230.0,0.0,-230.0,3.0,3.0,3.0,3.0,3.0,3.0,3.0,-227.0,False,128.0,10.0,54864.0,471.0,216.0,49760.0,471.0,160.0
394,uniform,outputs/agents_2/items_7/gpt4o/persona_based0/output_394.txt,0.0,-93.0,0.0,-93.0,0.0,-234.0,0.0,-234.0,0.0,-93.0,0.0,-327.0,True,128.0,17.0,57285.0,486.0,228.0,57285.0,486.0,201.0
395,uniform,outputs/agents_2/items_7/gpt4o/persona_based0/output_395.txt,0.0,-65.0,0.0,-65.0,0.0,-222.0,0.0,-222.0,0.0,-65.0,0.0,-287.0,True,128.0,20.0,43680.0,436.0,198.0,43680.0,436.0,156.0
396,uniform,outputs/agents_2/items_7/gpt4o/persona_based0/output_396.txt,0.0,-295.0,0.0,-295.0,81.0,81.0,81.0,81.0,81.0,81.0,81.0,-214.0,False,128.0,8.0,68670.0,542.0,243.0,58065.0,542.0,147.0
397,uniform,outputs/agents_2/items_7/gpt4o/persona_based0/output_397.txt,0.0,-232.0,0.0,-232.0,165.0,165.0,165.0,165.0,165.0,165.0,165.0,-67.0,False,128.0,13.0,45633.0,447.0,209.0,34584.0,394.0,132.0
398,uniform,outputs/agents_2/items_7/gpt4o/persona_based0/output_398.txt,0.0,-81.0,0.0,-81.0,0.0,-222.0,0.0,-222.0,0.0,-81.0,0.0,-303.0,True,128.0,18.0,52668.0,468.0,228.0,51275.0,468.0,175.0
399,uniform,outputs/agents_2/items_7/gpt4o/persona_based0/output_399.txt,94.0,94.0,94.0,94.0,0.0,-135.0,0.0,-135.0,94.0,94.0,94.0,-41.0,False,128.0,16.0,27170.0,393.0,144.0,22032.0,297.0,144.0
400,uniform,outputs/agents_2/items_7/gpt4o/persona_based0/output_400.txt,0.0,-178.0,0.0,-178.0,24.0,24.0,24.0,24.0,24.0,24.0,24.0,-154.0,False,128.0,16.0,53133.0,466.0,205.0,45466.0,433.0,179.0
401,uniform,outputs/agents_2/items_7/gpt4o/persona_based0/output_401.txt,0.0,-128.0,0.0,-128.0,0.0,-122.0,0.0,-122.0,0.0,-122.0,0.0,-250.0,True,128.0,22.0,69368.0,531.0,241.0,61880.0,498.0,238.0
402,uniform,outputs/agents_2/items_7/gpt4o/persona_based0/output_402.txt,0.0,-209.0,0.0,-209.0,4.0,4.0,4.0,4.0,4.0,4.0,4.0,-205.0,False,128.0,11.0,41730.0,417.0,196.0,40502.0,417.0,154.0
403,uniform,outputs/agents_2/items_7/gpt4o/persona_based0/output_403.txt,0.0,-116.0,0.0,-116.0,0.0,-237.0,0.0,-237.0,0.0,-116.0,0.0,-353.0,True,128.0,19.0,72520.0,541.0,245.0,72520.0,541.0,245.0
404,uniform,outputs/agents_2/items_7/gpt4o/persona_based0/output_404.txt,0.0,-145.0,0.0,-145.0,0.0,-17.0,0.0,-17.0,0.0,-17.0,0.0,-162.0,True,128.0,9.0,61418.0,501.0,239.0,61418.0,501.0,214.0
405,uniform,outputs/agents_2/items_7/gpt4o/persona_based0/output_405.txt,0.0,-107.0,0.0,-107.0,0.0,-16.0,0.0,-16.0,0.0,-16.0,0.0,-123.0,True,128.0,10.0,38610.0,395.0,195.0,38610.0,393.0,195.0
406,uniform,outputs/agents_2/items_7/gpt4o/persona_based0/output_406.txt,0.0,-111.0,0.0,-111.0,0.0,-5.0,0.0,-5.0,0.0,-5.0,0.0,-116.0,True,128.0,14.0,42582.0,433.0,201.0,36328.0,391.0,152.0
407,uniform,outputs/agents_2/items_7/gpt4o/persona_based0/output_407.txt,0.0,-87.0,0.0,-87.0,0.0,-74.0,0.0,-74.0,0.0,-74.0,0.0,-161.0,True,128.0,13.0,21280.0,292.0,140.0,21280.0,292.0,140.0
408,uniform,outputs/agents_2/items_7/gpt4o/persona_based0/output_408.txt,0.0,-91.0,0.0,-91.0,0.0,-55.0,0.0,-55.0,0.0,-55.0,0.0,-146.0,True,128.0,11.0,33170.0,369.0,168.0,28560.0,338.0,168.0
409,uniform,outputs/agents_2/items_7/gpt4o/persona_based0/output_409.txt,0.0,-96.0,0.0,-96.0,0.0,-194.0,0.0,-194.0,0.0,-96.0,0.0,-290.0,True,128.0,21.0,66816.0,517.0,256.0,66816.0,517.0,256.0
410,uniform,outputs/agents_2/items_7/gpt4o/persona_based0/output_410.txt,0.0,-152.0,0.0,-152.0,0.0,0.0,0.0,0.0,0.0,0.0,0.0,-152.0,True,128.0,13.0,38164.0,406.0,188.0,35775.0,400.0,135.0
411,uniform,outputs/agents_2/items_7/gpt4o/persona_based0/output_411.txt,0.0,-126.0,0.0,-126.0,0.0,-99.0,0.0,-99.0,0.0,-99.0,0.0,-225.0,True,128.0,13.0,52419.0,476.0,216.0,50960.0,456.0,196.0
412,uniform,outputs/agents_2/items_7/gpt4o/persona_based0/output_412.txt,0.0,-33.0,0.0,-33.0,0.0,-91.0,0.0,-91.0,0.0,-33.0,0.0,-124.0,True,128.0,11.0,37590.0,389.0,187.0,34615.0,376.0,161.0
413,uniform,outputs/agents_2/items_7/gpt4o/persona_based0/output_413.txt,0.0,-95.0,0.0,-95.0,0.0,-6.0,0.0,-6.0,0.0,-6.0,0.0,-101.0,True,128.0,16.0,35328.0,376.0,184.0,28336.0,337.0,161.0
414,uniform,outputs/agents_2/items_7/gpt4o/persona_based0/output_414.txt,0.0,-51.0,0.0,-51.0,0.0,-70.0,0.0,-70.0,0.0,-51.0,0.0,-121.0,True,128.0,6.0,60021.0,506.0,243.0,59829.0,490.0,231.0
415,uniform,outputs/agents_2/items_7/gpt4o/persona_based0/output_415.txt,0.0,-188.0,0.0,-188.0,13.0,13.0,13.0,13.0,13.0,13.0,13.0,-175.0,False,128.0,12.0,39402.0,402.0,198.0,35777.0,402.0,133.0
416,uniform,outputs/agents_2/items_7/gpt4o/persona_based0/output_416.txt,0.0,-131.0,0.0,-131.0,0.0,-32.0,0.0,-32.0,0.0,-32.0,0.0,-163.0,True,128.0,11.0,29638.0,349.0,165.0,29638.0,349.0,146.0
417,uniform,outputs/agents_2/items_7/gpt4o/persona_based0/output_417.txt,0.0,-156.0,0.0,-156.0,0.0,-123.0,0.0,-123.0,0.0,-123.0,0.0,-279.0,True,128.0,17.0,53743.0,464.0,223.0,53743.0,464.0,223.0
418,uniform,outputs/agents_2/items_7/gpt4o/persona_based0/output_418.txt,0.0,-38.0,0.0,-38.0,0.0,-76.0,0.0,-76.0,0.0,-38.0,0.0,-114.0,True,128.0,13.0,22379.0,300.0,139.0,22379.0,300.0,139.0
419,uniform,outputs/agents_2/items_7/gpt4o/persona_based0/output_419.txt,0.0,-105.0,0.0,-105.0,33.0,33.0,33.0,33.0,33.0,33.0,33.0,-72.0,False,128.0,6.0,68380.0,527.0,260.0,66444.0,520.0,226.0
420,uniform,outputs/agents_2/items_7/gpt4o/persona_based0/output_420.txt,0.0,-108.0,0.0,-108.0,0.0,-199.0,0.0,-199.0,0.0,-108.0,0.0,-307.0,True,128.0,20.0,69296.0,528.0,244.0,69296.0,528.0,244.0
421,uniform,outputs/agents_2/items_7/gpt4o/persona_based0/output_421.txt,33.0,33.0,33.0,33.0,0.0,-87.0,0.0,-87.0,33.0,33.0,33.0,-54.0,False,128.0,14.0,53703.0,475.0,221.0,31255.0,368.0,133.0
422,uniform,outputs/agents_2/items_7/gpt4o/persona_based0/output_422.txt,183.0,183.0,183.0,183.0,0.0,-338.0,0.0,-338.0,183.0,183.0,183.0,-155.0,False,128.0,13.0,56842.0,487.0,231.0,34580.0,459.0,95.0
423,uniform,outputs/agents_2/items_7/gpt4o/persona_based0/output_423.txt,0.0,-259.0,0.0,-259.0,0.0,-9.0,0.0,-9.0,0.0,-9.0,0.0,-268.0,True,128.0,20.0,54285.0,475.0,231.0,51004.0,475.0,164.0
424,uniform,outputs/agents_2/items_7/gpt4o/persona_based0/output_424.txt,0.0,-184.0,0.0,-184.0,15.0,15.0,15.0,15.0,15.0,15.0,15.0,-169.0,False,128.0,16.0,38500.0,404.0,178.0,38232.0,398.0,162.0
425,uniform,outputs/agents_2/items_7/gpt4o/persona_based0/output_425.txt,0.0,-142.0,0.0,-142.0,0.0,-11.0,0.0,-11.0,0.0,-11.0,0.0,-153.0,True,128.0,15.0,31600.0,392.0,166.0,27795.0,364.0,109.0
426,uniform,outputs/agents_2/items_7/gpt4o/persona_based0/output_426.txt,0.0,-1.0,0.0,-1.0,0.0,-92.0,0.0,-92.0,0.0,-1.0,0.0,-93.0,True,128.0,13.0,32308.0,363.0,176.0,29744.0,351.0,143.0
427,uniform,outputs/agents_2/items_7/gpt4o/persona_based0/output_427.txt,68.0,68.0,68.0,68.0,0.0,-156.0,0.0,-156.0,68.0,68.0,68.0,-88.0,False,128.0,8.0,36480.0,384.0,190.0,33839.0,384.0,137.0
428,uniform,outputs/agents_2/items_7/gpt4o/persona_based0/output_428.txt,55.0,55.0,55.0,55.0,0.0,-113.0,0.0,-113.0,55.0,55.0,55.0,-58.0,False,128.0,9.0,53361.0,464.0,231.0,45220.0,428.0,190.0
429,uniform,outputs/agents_2/items_7/gpt4o/persona_based0/output_429.txt,0.0,-14.0,0.0,-14.0,0.0,-64.0,0.0,-64.0,0.0,-14.0,0.0,-78.0,True,128.0,16.0,39788.0,402.0,196.0,29452.0,347.0,148.0
430,uniform,outputs/agents_2/items_7/gpt4o/persona_based0/output_430.txt,0.0,-158.0,0.0,-158.0,0.0,-162.0,0.0,-162.0,0.0,-158.0,0.0,-320.0,True,128.0,20.0,48192.0,443.0,196.0,48192.0,443.0,192.0
431,uniform,outputs/agents_2/items_7/gpt4o/persona_based0/output_431.txt,0.0,-158.0,0.0,-158.0,0.0,-103.0,0.0,-103.0,0.0,-103.0,0.0,-261.0,True,128.0,15.0,56870.0,480.0,235.0,56870.0,477.0,235.0
432,uniform,outputs/agents_2/items_7/gpt4o/persona_based0/output_432.txt,0.0,-52.0,0.0,-52.0,0.0,-105.0,0.0,-105.0,0.0,-52.0,0.0,-157.0,True,128.0,6.0,35898.0,381.0,186.0,35738.0,381.0,167.0
433,uniform,outputs/agents_2/items_7/gpt4o/persona_based0/output_433.txt,11.0,11.0,11.0,11.0,0.0,-158.0,0.0,-158.0,11.0,11.0,11.0,-147.0,False,128.0,12.0,45153.0,440.0,198.0,44916.0,425.0,197.0
434,uniform,outputs/agents_2/items_7/gpt4o/persona_based0/output_434.txt,0.0,-203.0,0.0,-203.0,64.0,64.0,64.0,64.0,64.0,64.0,64.0,-139.0,False,128.0,13.0,62916.0,525.0,226.0,43066.0,475.0,122.0
435,uniform,outputs/agents_2/items_7/gpt4o/persona_based0/output_435.txt,29.0,29.0,29.0,29.0,0.0,-356.0,0.0,-356.0,29.0,29.0,29.0,-327.0,False,128.0,19.0,75582.0,564.0,254.0,68915.0,564.0,179.0
436,uniform,outputs/agents_2/items_7/gpt4o/persona_based0/output_436.txt,0.0,-156.0,0.0,-156.0,8.0,8.0,8.0,8.0,8.0,8.0,8.0,-148.0,False,128.0,13.0,47686.0,452.0,211.0,39900.0,425.0,140.0
437,uniform,outputs/agents_2/items_7/gpt4o/persona_based0/output_437.txt,0.0,-19.0,0.0,-19.0,0.0,-222.0,0.0,-222.0,0.0,-19.0,0.0,-241.0,True,128.0,16.0,66066.0,550.0,242.0,60102.0,533.0,162.0
438,uniform,outputs/agents_2/items_7/gpt4o/persona_based0/output_438.txt,0.0,-123.0,0.0,-123.0,0.0,-175.0,0.0,-175.0,0.0,-123.0,0.0,-298.0,True,128.0,21.0,50820.0,452.0,216.0,50820.0,452.0,210.0
439,uniform,outputs/agents_2/items_7/gpt4o/persona_based0/output_439.txt,0.0,-34.0,0.0,-34.0,0.0,-92.0,0.0,-92.0,0.0,-34.0,0.0,-126.0,True,128.0,11.0,50233.0,454.0,197.0,46098.0,431.0,197.0
440,uniform,outputs/agents_2/items_7/gpt4o/persona_based0/output_440.txt,0.0,-57.0,0.0,-57.0,0.0,-25.0,0.0,-25.0,0.0,-25.0,0.0,-82.0,True,128.0,14.0,48450.0,477.0,207.0,31850.0,375.0,130.0
441,uniform,outputs/agents_2/items_7/gpt4o/persona_based0/output_441.txt,0.0,-148.0,0.0,-148.0,0.0,-130.0,0.0,-130.0,0.0,-130.0,0.0,-278.0,True,128.0,17.0,76302.0,560.0,256.0,70144.0,530.0,256.0
442,uniform,outputs/agents_2/items_7/gpt4o/persona_based0/output_442.txt,0.0,-143.0,0.0,-143.0,0.0,-178.0,0.0,-178.0,0.0,-143.0,0.0,-321.0,True,128.0,24.0,60109.0,494.0,218.0,60109.0,494.0,217.0
443,uniform,outputs/agents_2/items_7/gpt4o/persona_based0/output_443.txt,0.0,-197.0,0.0,-197.0,0.0,-116.0,0.0,-116.0,0.0,-116.0,0.0,-313.0,True,128.0,19.0,66780.0,517.0,252.0,66780.0,517.0,252.0
444,uniform,outputs/agents_2/items_7/gpt4o/persona_based0/output_444.txt,0.0,-153.0,0.0,-153.0,0.0,-187.0,0.0,-187.0,0.0,-153.0,0.0,-340.0,True,128.0,18.0,65448.0,519.0,236.0,65448.0,519.0,216.0
445,uniform,outputs/agents_2/items_7/gpt4o/persona_based0/output_445.txt,0.0,-44.0,0.0,-44.0,107.0,107.0,107.0,107.0,107.0,107.0,107.0,63.0,False,128.0,12.0,74907.0,548.0,261.0,43428.0,419.0,188.0
446,uniform,outputs/agents_2/items_7/gpt4o/persona_based0/output_446.txt,0.0,-347.0,0.0,-347.0,26.0,26.0,26.0,26.0,26.0,26.0,26.0,-321.0,False,128.0,22.0,64728.0,517.0,232.0,53250.0,517.0,142.0
447,uniform,outputs/agents_2/items_7/gpt4o/persona_based0/output_447.txt,0.0,-181.0,0.0,-181.0,0.0,-69.0,0.0,-69.0,0.0,-69.0,0.0,-250.0,True,128.0,20.0,39618.0,399.0,186.0,39618.0,399.0,186.0
448,uniform,outputs/agents_2/items_7/gpt4o/persona_based0/output_448.txt,0.0,-133.0,0.0,-133.0,8.0,8.0,8.0,8.0,8.0,8.0,8.0,-125.0,False,128.0,11.0,58282.0,505.0,216.0,45300.0,452.0,150.0
449,uniform,outputs/agents_2/items_7/gpt4o/persona_based0/output_449.txt,0.0,0.0,0.0,0.0,0.0,-75.0,0.0,-75.0,0.0,0.0,0.0,-75.0,True,128.0,6.0,22422.0,313.0,141.0,20468.0,291.0,119.0
450,uniform,outputs/agents_2/items_7/gpt4o/persona_based0/output_450.txt,16.0,16.0,16.0,16.0,0.0,-243.0,0.0,-243.0,16.0,16.0,16.0,-227.0,False,128.0,16.0,34692.0,413.0,174.0,29760.0,413.0,93.0
451,uniform,outputs/agents_2/items_7/gpt4o/persona_based0/output_451.txt,0.0,-140.0,0.0,-140.0,0.0,-253.0,0.0,-253.0,0.0,-140.0,0.0,-393.0,True,128.0,16.0,89100.0,600.0,270.0,89100.0,600.0,270.0
452,uniform,outputs/agents_2/items_7/gpt4o/persona_based0/output_452.txt,0.0,-140.0,0.0,-140.0,0.0,-221.0,0.0,-221.0,0.0,-140.0,0.0,-361.0,True,128.0,26.0,47060.0,445.0,191.0,47060.0,441.0,181.0
453,uniform,outputs/agents_2/items_7/gpt4o/persona_based0/output_453.txt,0.0,-147.0,0.0,-147.0,0.0,-11.0,0.0,-11.0,0.0,-11.0,0.0,-158.0,True,128.0,11.0,65720.0,520.0,248.0,65720.0,513.0,248.0
454,uniform,outputs/agents_2/items_7/gpt4o/persona_based0/output_454.txt,0.0,-58.0,0.0,-58.0,0.0,-207.0,0.0,-207.0,0.0,-58.0,0.0,-265.0,True,128.0,13.0,61182.0,503.0,235.0,61182.0,503.0,206.0
455,uniform,outputs/agents_2/items_7/gpt4o/persona_based0/output_455.txt,0.0,-13.0,0.0,-13.0,0.0,-115.0,0.0,-115.0,0.0,-13.0,0.0,-128.0,True,128.0,17.0,43460.0,417.0,205.0,32494.0,365.0,154.0
456,uniform,outputs/agents_2/items_7/gpt4o/persona_based0/output_456.txt,0.0,-124.0,0.0,-124.0,0.0,-84.0,0.0,-84.0,0.0,-84.0,0.0,-208.0,True,128.0,13.0,40533.0,406.0,195.0,40533.0,406.0,177.0
457,uniform,outputs/agents_2/items_7/gpt4o/persona_based0/output_457.txt,0.0,-103.0,0.0,-103.0,0.0,-79.0,0.0,-79.0,0.0,-79.0,0.0,-182.0,True,128.0,10.0,46216.0,430.0,212.0,46216.0,430.0,212.0
458,uniform,outputs/agents_2/items_7/gpt4o/persona_based0/output_458.txt,0.0,-87.0,0.0,-87.0,0.0,-115.0,0.0,-115.0,0.0,-87.0,0.0,-202.0,True,128.0,27.0,36660.0,400.0,167.0,31682.0,363.0,146.0
459,uniform,outputs/agents_2/items_7/gpt4o/persona_based0/output_459.txt,0.0,-193.0,0.0,-193.0,55.0,55.0,55.0,55.0,55.0,55.0,55.0,-138.0,False,128.0,9.0,41800.0,415.0,200.0,39485.0,414.0,149.0
460,uniform,outputs/agents_2/items_7/gpt4o/persona_based0/output_460.txt,0.0,-81.0,0.0,-81.0,0.0,-78.0,0.0,-78.0,0.0,-78.0,0.0,-159.0,True,128.0,7.0,31350.0,376.0,156.0,31350.0,359.0,150.0
461,uniform,outputs/agents_2/items_7/gpt4o/persona_based0/output_461.txt,0.0,-184.0,0.0,-184.0,0.0,-56.0,0.0,-56.0,0.0,-56.0,0.0,-240.0,True,128.0,19.0,47150.0,435.0,205.0,46754.0,435.0,194.0
462,uniform,outputs/agents_2/items_7/gpt4o/persona_based0/output_462.txt,0.0,-79.0,0.0,-79.0,0.0,-161.0,0.0,-161.0,0.0,-79.0,0.0,-240.0,True,128.0,19.0,41612.0,408.0,202.0,40680.0,406.0,180.0
463,uniform,outputs/agents_2/items_7/gpt4o/persona_based0/output_463.txt,0.0,-48.0,0.0,-48.0,0.0,-47.0,0.0,-47.0,0.0,-47.0,0.0,-95.0,True,128.0,6.0,44070.0,430.0,195.0,44070.0,421.0,195.0
464,uniform,outputs/agents_2/items_7/gpt4o/persona_based0/output_464.txt,0.0,-246.0,0.0,-246.0,42.0,42.0,42.0,42.0,42.0,42.0,42.0,-204.0,False,128.0,10.0,40572.0,426.0,188.0,32373.0,426.0,99.0
465,uniform,outputs/agents_2/items_7/gpt4o/persona_based0/output_465.txt,0.0,-94.0,0.0,-94.0,0.0,-44.0,0.0,-44.0,0.0,-44.0,0.0,-138.0,True,128.0,12.0,35145.0,396.0,182.0,32370.0,361.0,166.0
466,uniform,outputs/agents_2/items_7/gpt4o/persona_based0/output_466.txt,0.0,-186.0,0.0,-186.0,0.0,-8.0,0.0,-8.0,0.0,-8.0,0.0,-194.0,True,128.0,16.0,60873.0,520.0,223.0,56144.0,495.0,176.0
467,uniform,outputs/agents_2/items_7/gpt4o/persona_based0/output_467.txt,0.0,-96.0,0.0,-96.0,0.0,-61.0,0.0,-61.0,0.0,-61.0,0.0,-157.0,True,128.0,11.0,57324.0,499.0,226.0,57324.0,485.0,204.0
468,uniform,outputs/agents_2/items_7/gpt4o/persona_based0/output_468.txt,58.0,58.0,58.0,58.0,0.0,-294.0,0.0,-294.0,58.0,58.0,58.0,-236.0,False,128.0,13.0,49610.0,450.0,208.0,41789.0,450.0,131.0
469,uniform,outputs/agents_2/items_7/gpt4o/persona_based0/output_469.txt,18.0,18.0,18.0,18.0,0.0,-203.0,0.0,-203.0,18.0,18.0,18.0,-185.0,False,128.0,12.0,51436.0,544.0,196.0,41496.0,478.0,114.0
470,uniform,outputs/agents_2/items_7/gpt4o/persona_based0/output_470.txt,0.0,-97.0,0.0,-97.0,89.0,89.0,89.0,89.0,89.0,89.0,89.0,-8.0,False,128.0,10.0,74520.0,566.0,249.0,45678.0,469.0,138.0
471,uniform,outputs/agents_2/items_7/gpt4o/persona_based0/output_471.txt,0.0,-70.0,0.0,-70.0,0.0,-176.0,0.0,-176.0,0.0,-70.0,0.0,-246.0,True,128.0,15.0,56563.0,486.0,229.0,53273.0,486.0,167.0
472,uniform,outputs/agents_2/items_7/gpt4o/persona_based0/output_472.txt,0.0,-92.0,0.0,-92.0,0.0,-195.0,0.0,-195.0,0.0,-92.0,0.0,-287.0,True,128.0,18.0,66013.0,521.0,251.0,66013.0,514.0,251.0
473,uniform,outputs/agents_2/items_7/gpt4o/persona_based0/output_473.txt,0.0,-81.0,0.0,-81.0,84.0,84.0,84.0,84.0,84.0,84.0,84.0,3.0,False,128.0,18.0,29988.0,399.0,168.0,18900.0,276.0,126.0
474,uniform,outputs/agents_2/items_7/gpt4o/persona_based0/output_474.txt,0.0,-11.0,0.0,-11.0,0.0,-79.0,0.0,-79.0,0.0,-11.0,0.0,-90.0,True,128.0,7.0,57431.0,492.0,233.0,54549.0,470.0,209.0
475,uniform,outputs/agents_2/items_7/gpt4o/persona_based0/output_475.txt,0.0,-151.0,0.0,-151.0,0.0,-154.0,0.0,-154.0,0.0,-151.0,0.0,-305.0,True,128.0,22.0,53550.0,463.0,225.0,53550.0,463.0,225.0
476,uniform,outputs/agents_2/items_7/gpt4o/persona_based0/output_476.txt,0.0,-221.0,0.0,-221.0,0.0,-127.0,0.0,-127.0,0.0,-127.0,0.0,-348.0,True,128.0,22.0,63308.0,504.0,238.0,60326.0,495.0,217.0
477,uniform,outputs/agents_2/items_7/gpt4o/persona_based0/output_477.txt,0.0,-164.0,0.0,-164.0,0.0,-46.0,0.0,-46.0,0.0,-46.0,0.0,-210.0,True,128.0,16.0,50020.0,449.0,205.0,50020.0,449.0,205.0
478,uniform,outputs/agents_2/items_7/gpt4o/persona_based0/output_478.txt,0.0,-142.0,0.0,-142.0,0.0,-101.0,0.0,-101.0,0.0,-101.0,0.0,-243.0,True,128.0,15.0,56388.0,476.0,222.0,56388.0,476.0,222.0
479,uniform,outputs/agents_2/items_7/gpt4o/persona_based0/output_479.txt,0.0,-194.0,0.0,-194.0,0.0,-19.0,0.0,-19.0,0.0,-19.0,0.0,-213.0,True,128.0,14.0,49470.0,528.0,196.0,44042.0,483.0,122.0
480,uniform,outputs/agents_2/items_7/gpt4o/persona_based0/output_480.txt,0.0,-38.0,0.0,-38.0,0.0,-47.0,0.0,-47.0,0.0,-38.0,0.0,-85.0,True,128.0,18.0,50828.0,471.0,207.0,35358.0,379.0,166.0
481,uniform,outputs/agents_2/items_7/gpt4o/persona_based0/output_481.txt,0.0,-47.0,0.0,-47.0,0.0,-159.0,0.0,-159.0,0.0,-47.0,0.0,-206.0,True,128.0,16.0,82748.0,576.0,274.0,72664.0,541.0,248.0
482,uniform,outputs/agents_2/items_7/gpt4o/persona_based0/output_482.txt,0.0,-155.0,0.0,-155.0,0.0,-19.0,0.0,-19.0,0.0,-19.0,0.0,-174.0,True,128.0,21.0,57138.0,481.0,219.0,42768.0,426.0,162.0
483,uniform,outputs/agents_2/items_7/gpt4o/persona_based0/output_483.txt,0.0,-114.0,0.0,-114.0,0.0,-209.0,0.0,-209.0,0.0,-114.0,0.0,-323.0,True,128.0,24.0,44954.0,429.0,189.0,44954.0,429.0,182.0
484,uniform,outputs/agents_2/items_7/gpt4o/persona_based0/output_484.txt,0.0,-147.0,0.0,-147.0,0.0,-113.0,0.0,-113.0,0.0,-113.0,0.0,-260.0,True,128.0,15.0,53680.0,464.0,220.0,53680.0,464.0,220.0
485,uniform,outputs/agents_2/items_7/gpt4o/persona_based0/output_485.txt,0.0,-165.0,0.0,-165.0,0.0,-68.0,0.0,-68.0,0.0,-68.0,0.0,-233.0,True,128.0,17.0,53300.0,468.0,207.0,52907.0,468.0,191.0
486,uniform,outputs/agents_2/items_7/gpt4o/persona_based0/output_486.txt,0.0,-121.0,0.0,-121.0,0.0,-88.0,0.0,-88.0,0.0,-88.0,0.0,-209.0,True,128.0,17.0,39188.0,396.0,194.0,39188.0,396.0,194.0
487,uniform,outputs/agents_2/items_7/gpt4o/persona_based0/output_487.txt,0.0,-114.0,0.0,-114.0,0.0,-46.0,0.0,-46.0,0.0,-46.0,0.0,-160.0,True,128.0,28.0,47520.0,525.0,172.0,41120.0,417.0,160.0
488,uniform,outputs/agents_2/items_7/gpt4o/persona_based0/output_488.txt,0.0,-144.0,0.0,-144.0,0.0,-113.0,0.0,-113.0,0.0,-113.0,0.0,-257.0,True,128.0,21.0,47545.0,450.0,196.0,47545.0,442.0,185.0
489,uniform,outputs/agents_2/items_7/gpt4o/persona_based0/output_489.txt,42.0,42.0,42.0,42.0,0.0,-198.0,0.0,-198.0,42.0,42.0,42.0,-156.0,False,128.0,15.0,32922.0,443.0,161.0,24258.0,389.0,78.0
490,uniform,outputs/agents_2/items_7/gpt4o/persona_based0/output_490.txt,0.0,-23.0,0.0,-23.0,0.0,-121.0,0.0,-121.0,0.0,-23.0,0.0,-144.0,True,128.0,14.0,63948.0,511.0,229.0,50347.0,452.0,199.0
491,uniform,outputs/agents_2/items_7/gpt4o/persona_based0/output_491.txt,0.0,-125.0,0.0,-125.0,0.0,-120.0,0.0,-120.0,0.0,-120.0,0.0,-245.0,True,128.0,15.0,75915.0,556.0,251.0,75915.0,556.0,241.0
492,uniform,outputs/agents_2/items_7/gpt4o/persona_based0/output_492.txt,0.0,-166.0,0.0,-166.0,25.0,25.0,25.0,25.0,25.0,25.0,25.0,-141.0,False,128.0,13.0,39150.0,399.0,179.0,39150.0,399.0,174.0
493,uniform,outputs/agents_2/items_7/gpt4o/persona_based0/output_493.txt,0.0,-139.0,0.0,-139.0,0.0,-111.0,0.0,-111.0,0.0,-111.0,0.0,-250.0,True,128.0,19.0,70380.0,536.0,255.0,62835.0,508.0,213.0
494,uniform,outputs/agents_2/items_7/gpt4o/persona_based0/output_494.txt,26.0,26.0,26.0,26.0,0.0,-348.0,0.0,-348.0,26.0,26.0,26.0,-322.0,False,128.0,13.0,54668.0,519.0,217.0,44990.0,519.0,110.0
495,uniform,outputs/agents_2/items_7/gpt4o/persona_based0/output_495.txt,0.0,-62.0,0.0,-62.0,0.0,-127.0,0.0,-127.0,0.0,-62.0,0.0,-189.0,True,128.0,13.0,37105.0,386.0,181.0,37105.0,386.0,181.0
496,uniform,outputs/agents_2/items_7/gpt4o/persona_based0/output_496.txt,0.0,-45.0,0.0,-45.0,0.0,-120.0,0.0,-120.0,0.0,-45.0,0.0,-165.0,True,128.0,11.0,42705.0,414.0,195.0,42705.0,414.0,195.0
497,uniform,outputs/agents_2/items_7/gpt4o/persona_based0/output_497.txt,83.0,83.0,83.0,83.0,0.0,-145.0,0.0,-145.0,83.0,83.0,83.0,-62.0,False,128.0,13.0,40194.0,457.0,175.0,18963.0,364.0,63.0
498,uniform,outputs/agents_2/items_7/gpt4o/persona_based0/output_498.txt,0.0,-119.0,0.0,-119.0,0.0,-131.0,0.0,-131.0,0.0,-119.0,0.0,-250.0,True,128.0,16.0,46995.0,436.0,195.0,46995.0,436.0,195.0
499,uniform,outputs/agents_2/items_7/gpt4o/persona_based0/output_499.txt,96.0,96.0,96.0,96.0,0.0,-195.0,0.0,-195.0,96.0,96.0,96.0,-99.0,False,128.0,12.0,86198.0,591.0,280.0,59780.0,501.0,196.0
500,uniform,outputs/agents_2/items_7/gpt4o/persona_based0/output_500.txt,0.0,-2.0,0.0,-2.0,0.0,-178.0,0.0,-178.0,0.0,-2.0,0.0,-180.0,True,128.0,14.0,44772.0,428.0,196.0,44492.0,423.0,196.0
